ISO-10303-21;
HEADER;
FILE_DESCRIPTION(('FreeCAD Model'),'2;1');
FILE_NAME('Open CASCADE Shape Model','2026-09-26T21:43:54',(''),(''),
  'Open CASCADE STEP processor 7.8','FreeCAD','Unknown');
FILE_SCHEMA(('AUTOMOTIVE_DESIGN { 1 0 10303 214 1 1 1 1 }'));
ENDSEC;
DATA;
#1 = APPLICATION_PROTOCOL_DEFINITION('international standard',
  'automotive_design',2000,#2);
#2 = APPLICATION_CONTEXT(
  'core data for automotive mechanical design processes');
#3 = SHAPE_DEFINITION_REPRESENTATION(#4,#10);
#4 = PRODUCT_DEFINITION_SHAPE('','',#5);
#5 = PRODUCT_DEFINITION('design','',#6,#9);
#6 = PRODUCT_DEFINITION_FORMATION('','',#7);
#7 = PRODUCT('MobileChargerEnclosure','MobileChargerEnclosure','',(#8));
#8 = PRODUCT_CONTEXT('',#2,'mechanical');
#9 = PRODUCT_DEFINITION_CONTEXT('part definition',#2,'design');
#10 = SHAPE_REPRESENTATION('',(#11,#15,#19),#23);
#11 = AXIS2_PLACEMENT_3D('',#12,#13,#14);
#12 = CARTESIAN_POINT('',(0.,0.,0.));
#13 = DIRECTION('',(0.,0.,1.));
#14 = DIRECTION('',(1.,0.,-0.));
#15 = AXIS2_PLACEMENT_3D('',#16,#17,#18);
#16 = CARTESIAN_POINT('',(0.,0.,0.));
#17 = DIRECTION('',(0.,0.,1.));
#18 = DIRECTION('',(1.,0.,0.));
#19 = AXIS2_PLACEMENT_3D('',#20,#21,#22);
#20 = CARTESIAN_POINT('',(0.,96.,55.));
#21 = DIRECTION('',(0.,0.,1.));
#22 = DIRECTION('',(1.,0.,0.));
#23 = ( GEOMETRIC_REPRESENTATION_CONTEXT(3) 
GLOBAL_UNCERTAINTY_ASSIGNED_CONTEXT((#27)) GLOBAL_UNIT_ASSIGNED_CONTEXT(
(#24,#25,#26)) REPRESENTATION_CONTEXT('Context #1',
  '3D Context with UNIT and UNCERTAINTY') );
#24 = ( LENGTH_UNIT() NAMED_UNIT(*) SI_UNIT(.MILLI.,.METRE.) );
#25 = ( NAMED_UNIT(*) PLANE_ANGLE_UNIT() SI_UNIT($,.RADIAN.) );
#26 = ( NAMED_UNIT(*) SI_UNIT($,.STERADIAN.) SOLID_ANGLE_UNIT() );
#27 = UNCERTAINTY_MEASURE_WITH_UNIT(LENGTH_MEASURE(2.E-05),#24,
  'distance_accuracy_value','confusion accuracy');
#28 = PRODUCT_RELATED_PRODUCT_CATEGORY('part',$,(#7));
#29 = SHAPE_DEFINITION_REPRESENTATION(#30,#36);
#30 = PRODUCT_DEFINITION_SHAPE('','',#31);
#31 = PRODUCT_DEFINITION('design','',#32,#35);
#32 = PRODUCT_DEFINITION_FORMATION('','',#33);
#33 = PRODUCT('Body','Body','',(#34));
#34 = PRODUCT_CONTEXT('',#2,'mechanical');
#35 = PRODUCT_DEFINITION_CONTEXT('part definition',#2,'design');
#36 = ADVANCED_BREP_SHAPE_REPRESENTATION('',(#11,#37),#4543);
#37 = MANIFOLD_SOLID_BREP('',#38);
#38 = CLOSED_SHELL('',(#39,#323,#354,#379,#571,#595,#619,#789,#814,#838,
    #862,#887,#1161,#1185,#1209,#1289,#1314,#1338,#1355,#1403,#1428,
    #1445,#1469,#1494,#1519,#1679,#1839,#1857,#1882,#1907,#1932,#1957,
    #1977,#1995,#2015,#2033,#2321,#2343,#2360,#2377,#2389,#2411,#2428,
    #2445,#2457,#2479,#2496,#2513,#2525,#2547,#2564,#2581,#2593,#2624,
    #2649,#2666,#2684,#2698,#2722,#2762,#2795,#2811,#2833,#2881,#2898,
    #2922,#2940,#2972,#2989,#3013,#3085,#3102,#3122,#3134,#3158,#3183,
    #3200,#3222,#3239,#3256,#3268,#3290,#3307,#3324,#3336,#3358,#3375,
    #3392,#3404,#3426,#3443,#3460,#3472,#3484,#3517,#3543,#3568,#3594,
    #3620,#3645,#3670,#3688,#3706,#3724,#3742,#3760,#3777,#3794,#3819,
    #3843,#3866,#3878,#3903,#3927,#3945,#3970,#3994,#4012,#4029,#4054,
    #4076,#4089,#4120,#4144,#4168,#4185,#4216,#4240,#4264,#4281,#4305,
    #4316,#4340,#4357,#4369,#4380,#4397,#4421,#4445,#4462,#4479,#4491,
    #4507,#4519,#4531));
#39 = ADVANCED_FACE('',(#40,#274,#285,#296,#307),#318,.T.);
#40 = FACE_BOUND('',#41,.T.);
#41 = EDGE_LOOP('',(#42,#52,#60,#68,#77,#85,#93,#101,#110,#118,#126,#134
    ,#142,#151,#159,#168,#176,#185,#193,#202,#210,#218,#226,#234,#243,
    #251,#259,#267));
#42 = ORIENTED_EDGE('',*,*,#43,.F.);
#43 = EDGE_CURVE('',#44,#46,#48,.T.);
#44 = VERTEX_POINT('',#45);
#45 = CARTESIAN_POINT('',(46.6,37.6,56.4));
#46 = VERTEX_POINT('',#47);
#47 = CARTESIAN_POINT('',(43.6,37.6,56.4));
#48 = LINE('',#49,#50);
#49 = CARTESIAN_POINT('',(46.6,37.6,56.4));
#50 = VECTOR('',#51,1.);
#51 = DIRECTION('',(-1.,0.,0.));
#52 = ORIENTED_EDGE('',*,*,#53,.F.);
#53 = EDGE_CURVE('',#54,#44,#56,.T.);
#54 = VERTEX_POINT('',#55);
#55 = CARTESIAN_POINT('',(46.6,-37.6,56.4));
#56 = LINE('',#57,#58);
#57 = CARTESIAN_POINT('',(46.6,-41.,56.4));
#58 = VECTOR('',#59,1.);
#59 = DIRECTION('',(0.,1.,0.));
#60 = ORIENTED_EDGE('',*,*,#61,.T.);
#61 = EDGE_CURVE('',#54,#62,#64,.T.);
#62 = VERTEX_POINT('',#63);
#63 = CARTESIAN_POINT('',(43.6,-37.6,56.4));
#64 = LINE('',#65,#66);
#65 = CARTESIAN_POINT('',(46.6,-37.6,56.4));
#66 = VECTOR('',#67,1.);
#67 = DIRECTION('',(-1.,0.,0.));
#68 = ORIENTED_EDGE('',*,*,#69,.F.);
#69 = EDGE_CURVE('',#70,#62,#72,.T.);
#70 = VERTEX_POINT('',#71);
#71 = CARTESIAN_POINT('',(42.6,-38.6,56.4));
#72 = CIRCLE('',#73,1.);
#73 = AXIS2_PLACEMENT_3D('',#74,#75,#76);
#74 = CARTESIAN_POINT('',(43.6,-38.6,56.4));
#75 = DIRECTION('',(0.,0.,-1.));
#76 = DIRECTION('',(0.,1.,0.));
#77 = ORIENTED_EDGE('',*,*,#78,.T.);
#78 = EDGE_CURVE('',#70,#79,#81,.T.);
#79 = VERTEX_POINT('',#80);
#80 = CARTESIAN_POINT('',(42.6,-41.6,56.4));
#81 = LINE('',#82,#83);
#82 = CARTESIAN_POINT('',(42.6,-37.6,56.4));
#83 = VECTOR('',#84,1.);
#84 = DIRECTION('',(0.,-1.,0.));
#85 = ORIENTED_EDGE('',*,*,#86,.F.);
#86 = EDGE_CURVE('',#87,#79,#89,.T.);
#87 = VERTEX_POINT('',#88);
#88 = CARTESIAN_POINT('',(-67.6,-41.6,56.4));
#89 = LINE('',#90,#91);
#90 = CARTESIAN_POINT('',(-71.,-41.6,56.4));
#91 = VECTOR('',#92,1.);
#92 = DIRECTION('',(1.,0.,0.));
#93 = ORIENTED_EDGE('',*,*,#94,.F.);
#94 = EDGE_CURVE('',#95,#87,#97,.T.);
#95 = VERTEX_POINT('',#96);
#96 = CARTESIAN_POINT('',(-67.6,-38.6,56.4));
#97 = LINE('',#98,#99);
#98 = CARTESIAN_POINT('',(-67.6,-37.6,56.4));
#99 = VECTOR('',#100,1.);
#100 = DIRECTION('',(0.,-1.,0.));
#101 = ORIENTED_EDGE('',*,*,#102,.F.);
#102 = EDGE_CURVE('',#103,#95,#105,.T.);
#103 = VERTEX_POINT('',#104);
#104 = CARTESIAN_POINT('',(-68.6,-37.6,56.4));
#105 = CIRCLE('',#106,1.);
#106 = AXIS2_PLACEMENT_3D('',#107,#108,#109);
#107 = CARTESIAN_POINT('',(-68.6,-38.6,56.4));
#108 = DIRECTION('',(0.,0.,-1.));
#109 = DIRECTION('',(0.,1.,0.));
#110 = ORIENTED_EDGE('',*,*,#111,.F.);
#111 = EDGE_CURVE('',#112,#103,#114,.T.);
#112 = VERTEX_POINT('',#113);
#113 = CARTESIAN_POINT('',(-71.6,-37.6,56.4));
#114 = LINE('',#115,#116);
#115 = CARTESIAN_POINT('',(-71.6,-37.6,56.4));
#116 = VECTOR('',#117,1.);
#117 = DIRECTION('',(1.,0.,0.));
#118 = ORIENTED_EDGE('',*,*,#119,.F.);
#119 = EDGE_CURVE('',#120,#112,#122,.T.);
#120 = VERTEX_POINT('',#121);
#121 = CARTESIAN_POINT('',(-71.6,-34.,56.4));
#122 = LINE('',#123,#124);
#123 = CARTESIAN_POINT('',(-71.6,41.,56.4));
#124 = VECTOR('',#125,1.);
#125 = DIRECTION('',(0.,-1.,0.));
#126 = ORIENTED_EDGE('',*,*,#127,.T.);
#127 = EDGE_CURVE('',#120,#128,#130,.T.);
#128 = VERTEX_POINT('',#129);
#129 = CARTESIAN_POINT('',(-75.,-34.,56.4));
#130 = LINE('',#131,#132);
#131 = CARTESIAN_POINT('',(-43.75,-34.,56.4));
#132 = VECTOR('',#133,1.);
#133 = DIRECTION('',(-1.,0.,0.));
#134 = ORIENTED_EDGE('',*,*,#135,.T.);
#135 = EDGE_CURVE('',#128,#136,#138,.T.);
#136 = VERTEX_POINT('',#137);
#137 = CARTESIAN_POINT('',(-75.,-41.,56.4));
#138 = LINE('',#139,#140);
#139 = CARTESIAN_POINT('',(-75.,41.,56.4));
#140 = VECTOR('',#141,1.);
#141 = DIRECTION('',(0.,-1.,0.));
#142 = ORIENTED_EDGE('',*,*,#143,.T.);
#143 = EDGE_CURVE('',#136,#144,#146,.T.);
#144 = VERTEX_POINT('',#145);
#145 = CARTESIAN_POINT('',(-71.,-45.,56.4));
#146 = CIRCLE('',#147,4.);
#147 = AXIS2_PLACEMENT_3D('',#148,#149,#150);
#148 = CARTESIAN_POINT('',(-71.,-41.,56.4));
#149 = DIRECTION('',(0.,0.,1.));
#150 = DIRECTION('',(1.,0.,0.));
#151 = ORIENTED_EDGE('',*,*,#152,.T.);
#152 = EDGE_CURVE('',#144,#153,#155,.T.);
#153 = VERTEX_POINT('',#154);
#154 = CARTESIAN_POINT('',(46.,-45.,56.4));
#155 = LINE('',#156,#157);
#156 = CARTESIAN_POINT('',(-71.,-45.,56.4));
#157 = VECTOR('',#158,1.);
#158 = DIRECTION('',(1.,0.,0.));
#159 = ORIENTED_EDGE('',*,*,#160,.T.);
#160 = EDGE_CURVE('',#153,#161,#163,.T.);
#161 = VERTEX_POINT('',#162);
#162 = CARTESIAN_POINT('',(50.,-41.,56.4));
#163 = CIRCLE('',#164,4.);
#164 = AXIS2_PLACEMENT_3D('',#165,#166,#167);
#165 = CARTESIAN_POINT('',(46.,-41.,56.4));
#166 = DIRECTION('',(0.,0.,1.));
#167 = DIRECTION('',(1.,0.,0.));
#168 = ORIENTED_EDGE('',*,*,#169,.T.);
#169 = EDGE_CURVE('',#161,#170,#172,.T.);
#170 = VERTEX_POINT('',#171);
#171 = CARTESIAN_POINT('',(50.,41.,56.4));
#172 = LINE('',#173,#174);
#173 = CARTESIAN_POINT('',(50.,-41.,56.4));
#174 = VECTOR('',#175,1.);
#175 = DIRECTION('',(0.,1.,0.));
#176 = ORIENTED_EDGE('',*,*,#177,.T.);
#177 = EDGE_CURVE('',#170,#178,#180,.T.);
#178 = VERTEX_POINT('',#179);
#179 = CARTESIAN_POINT('',(46.,45.,56.4));
#180 = CIRCLE('',#181,4.);
#181 = AXIS2_PLACEMENT_3D('',#182,#183,#184);
#182 = CARTESIAN_POINT('',(46.,41.,56.4));
#183 = DIRECTION('',(0.,0.,1.));
#184 = DIRECTION('',(1.,0.,0.));
#185 = ORIENTED_EDGE('',*,*,#186,.T.);
#186 = EDGE_CURVE('',#178,#187,#189,.T.);
#187 = VERTEX_POINT('',#188);
#188 = CARTESIAN_POINT('',(-71.,45.,56.4));
#189 = LINE('',#190,#191);
#190 = CARTESIAN_POINT('',(46.,45.,56.4));
#191 = VECTOR('',#192,1.);
#192 = DIRECTION('',(-1.,0.,0.));
#193 = ORIENTED_EDGE('',*,*,#194,.T.);
#194 = EDGE_CURVE('',#187,#195,#197,.T.);
#195 = VERTEX_POINT('',#196);
#196 = CARTESIAN_POINT('',(-75.,41.,56.4));
#197 = CIRCLE('',#198,4.);
#198 = AXIS2_PLACEMENT_3D('',#199,#200,#201);
#199 = CARTESIAN_POINT('',(-71.,41.,56.4));
#200 = DIRECTION('',(0.,0.,1.));
#201 = DIRECTION('',(1.,0.,0.));
#202 = ORIENTED_EDGE('',*,*,#203,.T.);
#203 = EDGE_CURVE('',#195,#204,#206,.T.);
#204 = VERTEX_POINT('',#205);
#205 = CARTESIAN_POINT('',(-75.,-27.,56.4));
#206 = LINE('',#207,#208);
#207 = CARTESIAN_POINT('',(-75.,41.,56.4));
#208 = VECTOR('',#209,1.);
#209 = DIRECTION('',(0.,-1.,0.));
#210 = ORIENTED_EDGE('',*,*,#211,.T.);
#211 = EDGE_CURVE('',#204,#212,#214,.T.);
#212 = VERTEX_POINT('',#213);
#213 = CARTESIAN_POINT('',(-71.6,-27.,56.4));
#214 = LINE('',#215,#216);
#215 = CARTESIAN_POINT('',(-43.75,-27.,56.4));
#216 = VECTOR('',#217,1.);
#217 = DIRECTION('',(1.,0.,0.));
#218 = ORIENTED_EDGE('',*,*,#219,.F.);
#219 = EDGE_CURVE('',#220,#212,#222,.T.);
#220 = VERTEX_POINT('',#221);
#221 = CARTESIAN_POINT('',(-71.6,37.6,56.4));
#222 = LINE('',#223,#224);
#223 = CARTESIAN_POINT('',(-71.6,41.,56.4));
#224 = VECTOR('',#225,1.);
#225 = DIRECTION('',(0.,-1.,0.));
#226 = ORIENTED_EDGE('',*,*,#227,.T.);
#227 = EDGE_CURVE('',#220,#228,#230,.T.);
#228 = VERTEX_POINT('',#229);
#229 = CARTESIAN_POINT('',(-68.6,37.6,56.4));
#230 = LINE('',#231,#232);
#231 = CARTESIAN_POINT('',(-71.6,37.6,56.4));
#232 = VECTOR('',#233,1.);
#233 = DIRECTION('',(1.,0.,0.));
#234 = ORIENTED_EDGE('',*,*,#235,.F.);
#235 = EDGE_CURVE('',#236,#228,#238,.T.);
#236 = VERTEX_POINT('',#237);
#237 = CARTESIAN_POINT('',(-67.6,38.6,56.4));
#238 = CIRCLE('',#239,1.);
#239 = AXIS2_PLACEMENT_3D('',#240,#241,#242);
#240 = CARTESIAN_POINT('',(-68.6,38.6,56.4));
#241 = DIRECTION('',(0.,0.,-1.));
#242 = DIRECTION('',(0.,1.,0.));
#243 = ORIENTED_EDGE('',*,*,#244,.T.);
#244 = EDGE_CURVE('',#236,#245,#247,.T.);
#245 = VERTEX_POINT('',#246);
#246 = CARTESIAN_POINT('',(-67.6,41.6,56.4));
#247 = LINE('',#248,#249);
#248 = CARTESIAN_POINT('',(-67.6,37.6,56.4));
#249 = VECTOR('',#250,1.);
#250 = DIRECTION('',(0.,1.,0.));
#251 = ORIENTED_EDGE('',*,*,#252,.F.);
#252 = EDGE_CURVE('',#253,#245,#255,.T.);
#253 = VERTEX_POINT('',#254);
#254 = CARTESIAN_POINT('',(42.6,41.6,56.4));
#255 = LINE('',#256,#257);
#256 = CARTESIAN_POINT('',(46.,41.6,56.4));
#257 = VECTOR('',#258,1.);
#258 = DIRECTION('',(-1.,0.,0.));
#259 = ORIENTED_EDGE('',*,*,#260,.F.);
#260 = EDGE_CURVE('',#261,#253,#263,.T.);
#261 = VERTEX_POINT('',#262);
#262 = CARTESIAN_POINT('',(42.6,38.6,56.4));
#263 = LINE('',#264,#265);
#264 = CARTESIAN_POINT('',(42.6,37.6,56.4));
#265 = VECTOR('',#266,1.);
#266 = DIRECTION('',(0.,1.,0.));
#267 = ORIENTED_EDGE('',*,*,#268,.F.);
#268 = EDGE_CURVE('',#46,#261,#269,.T.);
#269 = CIRCLE('',#270,1.);
#270 = AXIS2_PLACEMENT_3D('',#271,#272,#273);
#271 = CARTESIAN_POINT('',(43.6,38.6,56.4));
#272 = DIRECTION('',(0.,0.,-1.));
#273 = DIRECTION('',(0.,1.,0.));
#274 = FACE_BOUND('',#275,.T.);
#275 = EDGE_LOOP('',(#276));
#276 = ORIENTED_EDGE('',*,*,#277,.F.);
#277 = EDGE_CURVE('',#278,#278,#280,.T.);
#278 = VERTEX_POINT('',#279);
#279 = CARTESIAN_POINT('',(-69.625,-41.,56.4));
#280 = CIRCLE('',#281,1.375);
#281 = AXIS2_PLACEMENT_3D('',#282,#283,#284);
#282 = CARTESIAN_POINT('',(-71.,-41.,56.4));
#283 = DIRECTION('',(0.,0.,1.));
#284 = DIRECTION('',(1.,0.,0.));
#285 = FACE_BOUND('',#286,.T.);
#286 = EDGE_LOOP('',(#287));
#287 = ORIENTED_EDGE('',*,*,#288,.F.);
#288 = EDGE_CURVE('',#289,#289,#291,.T.);
#289 = VERTEX_POINT('',#290);
#290 = CARTESIAN_POINT('',(47.375,-41.,56.4));
#291 = CIRCLE('',#292,1.375);
#292 = AXIS2_PLACEMENT_3D('',#293,#294,#295);
#293 = CARTESIAN_POINT('',(46.,-41.,56.4));
#294 = DIRECTION('',(0.,0.,1.));
#295 = DIRECTION('',(1.,0.,0.));
#296 = FACE_BOUND('',#297,.T.);
#297 = EDGE_LOOP('',(#298));
#298 = ORIENTED_EDGE('',*,*,#299,.F.);
#299 = EDGE_CURVE('',#300,#300,#302,.T.);
#300 = VERTEX_POINT('',#301);
#301 = CARTESIAN_POINT('',(-69.625,41.,56.4));
#302 = CIRCLE('',#303,1.375);
#303 = AXIS2_PLACEMENT_3D('',#304,#305,#306);
#304 = CARTESIAN_POINT('',(-71.,41.,56.4));
#305 = DIRECTION('',(0.,0.,1.));
#306 = DIRECTION('',(1.,0.,0.));
#307 = FACE_BOUND('',#308,.T.);
#308 = EDGE_LOOP('',(#309));
#309 = ORIENTED_EDGE('',*,*,#310,.F.);
#310 = EDGE_CURVE('',#311,#311,#313,.T.);
#311 = VERTEX_POINT('',#312);
#312 = CARTESIAN_POINT('',(47.375,41.,56.4));
#313 = CIRCLE('',#314,1.375);
#314 = AXIS2_PLACEMENT_3D('',#315,#316,#317);
#315 = CARTESIAN_POINT('',(46.,41.,56.4));
#316 = DIRECTION('',(0.,0.,1.));
#317 = DIRECTION('',(1.,0.,0.));
#318 = PLANE('',#319);
#319 = AXIS2_PLACEMENT_3D('',#320,#321,#322);
#320 = CARTESIAN_POINT('',(-11.96513311333,0.268313158609,56.4));
#321 = DIRECTION('',(0.,0.,1.));
#322 = DIRECTION('',(1.,0.,0.));
#323 = ADVANCED_FACE('',(#324),#349,.F.);
#324 = FACE_BOUND('',#325,.F.);
#325 = EDGE_LOOP('',(#326,#327,#335,#343));
#326 = ORIENTED_EDGE('',*,*,#43,.F.);
#327 = ORIENTED_EDGE('',*,*,#328,.T.);
#328 = EDGE_CURVE('',#44,#329,#331,.T.);
#329 = VERTEX_POINT('',#330);
#330 = CARTESIAN_POINT('',(46.6,37.6,41.4));
#331 = LINE('',#332,#333);
#332 = CARTESIAN_POINT('',(46.6,37.6,56.4));
#333 = VECTOR('',#334,1.);
#334 = DIRECTION('',(-0.,-0.,-1.));
#335 = ORIENTED_EDGE('',*,*,#336,.T.);
#336 = EDGE_CURVE('',#329,#337,#339,.T.);
#337 = VERTEX_POINT('',#338);
#338 = CARTESIAN_POINT('',(43.6,37.6,41.4));
#339 = LINE('',#340,#341);
#340 = CARTESIAN_POINT('',(46.6,37.6,41.4));
#341 = VECTOR('',#342,1.);
#342 = DIRECTION('',(-1.,0.,0.));
#343 = ORIENTED_EDGE('',*,*,#344,.F.);
#344 = EDGE_CURVE('',#46,#337,#345,.T.);
#345 = LINE('',#346,#347);
#346 = CARTESIAN_POINT('',(43.6,37.6,56.4));
#347 = VECTOR('',#348,1.);
#348 = DIRECTION('',(-0.,-0.,-1.));
#349 = PLANE('',#350);
#350 = AXIS2_PLACEMENT_3D('',#351,#352,#353);
#351 = CARTESIAN_POINT('',(46.6,37.6,56.4));
#352 = DIRECTION('',(0.,1.,0.));
#353 = DIRECTION('',(-1.,0.,0.));
#354 = ADVANCED_FACE('',(#355),#374,.T.);
#355 = FACE_BOUND('',#356,.T.);
#356 = EDGE_LOOP('',(#357,#358,#366,#373));
#357 = ORIENTED_EDGE('',*,*,#268,.T.);
#358 = ORIENTED_EDGE('',*,*,#359,.T.);
#359 = EDGE_CURVE('',#261,#360,#362,.T.);
#360 = VERTEX_POINT('',#361);
#361 = CARTESIAN_POINT('',(42.6,38.6,41.4));
#362 = LINE('',#363,#364);
#363 = CARTESIAN_POINT('',(42.6,38.6,56.4));
#364 = VECTOR('',#365,1.);
#365 = DIRECTION('',(-0.,-0.,-1.));
#366 = ORIENTED_EDGE('',*,*,#367,.F.);
#367 = EDGE_CURVE('',#337,#360,#368,.T.);
#368 = CIRCLE('',#369,1.);
#369 = AXIS2_PLACEMENT_3D('',#370,#371,#372);
#370 = CARTESIAN_POINT('',(43.6,38.6,41.4));
#371 = DIRECTION('',(0.,0.,-1.));
#372 = DIRECTION('',(0.,1.,0.));
#373 = ORIENTED_EDGE('',*,*,#344,.F.);
#374 = CYLINDRICAL_SURFACE('',#375,1.);
#375 = AXIS2_PLACEMENT_3D('',#376,#377,#378);
#376 = CARTESIAN_POINT('',(43.6,38.6,56.4));
#377 = DIRECTION('',(-0.,-0.,-1.));
#378 = DIRECTION('',(0.,-1.,0.));
#379 = ADVANCED_FACE('',(#380,#430,#464,#498,#532),#566,.T.);
#380 = FACE_BOUND('',#381,.T.);
#381 = EDGE_LOOP('',(#382,#392,#400,#408,#416,#422,#423,#424));
#382 = ORIENTED_EDGE('',*,*,#383,.F.);
#383 = EDGE_CURVE('',#384,#386,#388,.T.);
#384 = VERTEX_POINT('',#385);
#385 = CARTESIAN_POINT('',(46.6,41.,3.4));
#386 = VERTEX_POINT('',#387);
#387 = CARTESIAN_POINT('',(46.6,41.,41.4));
#388 = LINE('',#389,#390);
#389 = CARTESIAN_POINT('',(46.6,41.,0.));
#390 = VECTOR('',#391,1.);
#391 = DIRECTION('',(0.,0.,1.));
#392 = ORIENTED_EDGE('',*,*,#393,.F.);
#393 = EDGE_CURVE('',#394,#384,#396,.T.);
#394 = VERTEX_POINT('',#395);
#395 = CARTESIAN_POINT('',(46.6,-41.,3.4));
#396 = LINE('',#397,#398);
#397 = CARTESIAN_POINT('',(46.6,-20.5,3.4));
#398 = VECTOR('',#399,1.);
#399 = DIRECTION('',(0.,1.,0.));
#400 = ORIENTED_EDGE('',*,*,#401,.T.);
#401 = EDGE_CURVE('',#394,#402,#404,.T.);
#402 = VERTEX_POINT('',#403);
#403 = CARTESIAN_POINT('',(46.6,-41.,41.4));
#404 = LINE('',#405,#406);
#405 = CARTESIAN_POINT('',(46.6,-41.,0.));
#406 = VECTOR('',#407,1.);
#407 = DIRECTION('',(0.,0.,1.));
#408 = ORIENTED_EDGE('',*,*,#409,.F.);
#409 = EDGE_CURVE('',#410,#402,#412,.T.);
#410 = VERTEX_POINT('',#411);
#411 = CARTESIAN_POINT('',(46.6,-37.6,41.4));
#412 = LINE('',#413,#414);
#413 = CARTESIAN_POINT('',(46.6,-37.6,41.4));
#414 = VECTOR('',#415,1.);
#415 = DIRECTION('',(-2.508E-14,-1.,0.));
#416 = ORIENTED_EDGE('',*,*,#417,.F.);
#417 = EDGE_CURVE('',#54,#410,#418,.T.);
#418 = LINE('',#419,#420);
#419 = CARTESIAN_POINT('',(46.6,-37.6,56.4));
#420 = VECTOR('',#421,1.);
#421 = DIRECTION('',(-0.,-0.,-1.));
#422 = ORIENTED_EDGE('',*,*,#53,.T.);
#423 = ORIENTED_EDGE('',*,*,#328,.T.);
#424 = ORIENTED_EDGE('',*,*,#425,.T.);
#425 = EDGE_CURVE('',#329,#386,#426,.T.);
#426 = LINE('',#427,#428);
#427 = CARTESIAN_POINT('',(46.6,37.6,41.4));
#428 = VECTOR('',#429,1.);
#429 = DIRECTION('',(2.09E-15,1.,0.));
#430 = FACE_BOUND('',#431,.T.);
#431 = EDGE_LOOP('',(#432,#442,#450,#458));
#432 = ORIENTED_EDGE('',*,*,#433,.F.);
#433 = EDGE_CURVE('',#434,#436,#438,.T.);
#434 = VERTEX_POINT('',#435);
#435 = CARTESIAN_POINT('',(46.6,-33.,16.4));
#436 = VERTEX_POINT('',#437);
#437 = CARTESIAN_POINT('',(46.6,-33.,36.4));
#438 = LINE('',#439,#440);
#439 = CARTESIAN_POINT('',(46.6,-33.,16.4));
#440 = VECTOR('',#441,1.);
#441 = DIRECTION('',(0.,0.,1.));
#442 = ORIENTED_EDGE('',*,*,#443,.F.);
#443 = EDGE_CURVE('',#444,#434,#446,.T.);
#444 = VERTEX_POINT('',#445);
#445 = CARTESIAN_POINT('',(46.6,-30.5,16.4));
#446 = LINE('',#447,#448);
#447 = CARTESIAN_POINT('',(46.6,-30.5,16.4));
#448 = VECTOR('',#449,1.);
#449 = DIRECTION('',(0.,-1.,0.));
#450 = ORIENTED_EDGE('',*,*,#451,.F.);
#451 = EDGE_CURVE('',#452,#444,#454,.T.);
#452 = VERTEX_POINT('',#453);
#453 = CARTESIAN_POINT('',(46.6,-30.5,36.4));
#454 = LINE('',#455,#456);
#455 = CARTESIAN_POINT('',(46.6,-30.5,36.4));
#456 = VECTOR('',#457,1.);
#457 = DIRECTION('',(0.,0.,-1.));
#458 = ORIENTED_EDGE('',*,*,#459,.F.);
#459 = EDGE_CURVE('',#436,#452,#460,.T.);
#460 = LINE('',#461,#462);
#461 = CARTESIAN_POINT('',(46.6,-33.,36.4));
#462 = VECTOR('',#463,1.);
#463 = DIRECTION('',(0.,1.,0.));
#464 = FACE_BOUND('',#465,.T.);
#465 = EDGE_LOOP('',(#466,#476,#484,#492));
#466 = ORIENTED_EDGE('',*,*,#467,.F.);
#467 = EDGE_CURVE('',#468,#470,#472,.T.);
#468 = VERTEX_POINT('',#469);
#469 = CARTESIAN_POINT('',(46.6,-24.,16.4));
#470 = VERTEX_POINT('',#471);
#471 = CARTESIAN_POINT('',(46.6,-24.,36.4));
#472 = LINE('',#473,#474);
#473 = CARTESIAN_POINT('',(46.6,-24.,16.4));
#474 = VECTOR('',#475,1.);
#475 = DIRECTION('',(0.,0.,1.));
#476 = ORIENTED_EDGE('',*,*,#477,.F.);
#477 = EDGE_CURVE('',#478,#468,#480,.T.);
#478 = VERTEX_POINT('',#479);
#479 = CARTESIAN_POINT('',(46.6,-21.5,16.4));
#480 = LINE('',#481,#482);
#481 = CARTESIAN_POINT('',(46.6,-21.5,16.4));
#482 = VECTOR('',#483,1.);
#483 = DIRECTION('',(0.,-1.,0.));
#484 = ORIENTED_EDGE('',*,*,#485,.F.);
#485 = EDGE_CURVE('',#486,#478,#488,.T.);
#486 = VERTEX_POINT('',#487);
#487 = CARTESIAN_POINT('',(46.6,-21.5,36.4));
#488 = LINE('',#489,#490);
#489 = CARTESIAN_POINT('',(46.6,-21.5,36.4));
#490 = VECTOR('',#491,1.);
#491 = DIRECTION('',(0.,0.,-1.));
#492 = ORIENTED_EDGE('',*,*,#493,.F.);
#493 = EDGE_CURVE('',#470,#486,#494,.T.);
#494 = LINE('',#495,#496);
#495 = CARTESIAN_POINT('',(46.6,-24.,36.4));
#496 = VECTOR('',#497,1.);
#497 = DIRECTION('',(0.,1.,0.));
#498 = FACE_BOUND('',#499,.T.);
#499 = EDGE_LOOP('',(#500,#510,#518,#526));
#500 = ORIENTED_EDGE('',*,*,#501,.T.);
#501 = EDGE_CURVE('',#502,#504,#506,.T.);
#502 = VERTEX_POINT('',#503);
#503 = CARTESIAN_POINT('',(46.6,-37.5,16.4));
#504 = VERTEX_POINT('',#505);
#505 = CARTESIAN_POINT('',(46.6,-35.,16.4));
#506 = LINE('',#507,#508);
#507 = CARTESIAN_POINT('',(46.6,-37.5,16.4));
#508 = VECTOR('',#509,1.);
#509 = DIRECTION('',(0.,1.,0.));
#510 = ORIENTED_EDGE('',*,*,#511,.T.);
#511 = EDGE_CURVE('',#504,#512,#514,.T.);
#512 = VERTEX_POINT('',#513);
#513 = CARTESIAN_POINT('',(46.6,-35.,36.4));
#514 = LINE('',#515,#516);
#515 = CARTESIAN_POINT('',(46.6,-35.,16.4));
#516 = VECTOR('',#517,1.);
#517 = DIRECTION('',(0.,0.,1.));
#518 = ORIENTED_EDGE('',*,*,#519,.T.);
#519 = EDGE_CURVE('',#512,#520,#522,.T.);
#520 = VERTEX_POINT('',#521);
#521 = CARTESIAN_POINT('',(46.6,-37.5,36.4));
#522 = LINE('',#523,#524);
#523 = CARTESIAN_POINT('',(46.6,-35.,36.4));
#524 = VECTOR('',#525,1.);
#525 = DIRECTION('',(0.,-1.,0.));
#526 = ORIENTED_EDGE('',*,*,#527,.T.);
#527 = EDGE_CURVE('',#520,#502,#528,.T.);
#528 = LINE('',#529,#530);
#529 = CARTESIAN_POINT('',(46.6,-37.5,36.4));
#530 = VECTOR('',#531,1.);
#531 = DIRECTION('',(0.,0.,-1.));
#532 = FACE_BOUND('',#533,.T.);
#533 = EDGE_LOOP('',(#534,#544,#552,#560));
#534 = ORIENTED_EDGE('',*,*,#535,.T.);
#535 = EDGE_CURVE('',#536,#538,#540,.T.);
#536 = VERTEX_POINT('',#537);
#537 = CARTESIAN_POINT('',(46.6,-28.5,16.4));
#538 = VERTEX_POINT('',#539);
#539 = CARTESIAN_POINT('',(46.6,-26.,16.4));
#540 = LINE('',#541,#542);
#541 = CARTESIAN_POINT('',(46.6,-28.5,16.4));
#542 = VECTOR('',#543,1.);
#543 = DIRECTION('',(0.,1.,0.));
#544 = ORIENTED_EDGE('',*,*,#545,.T.);
#545 = EDGE_CURVE('',#538,#546,#548,.T.);
#546 = VERTEX_POINT('',#547);
#547 = CARTESIAN_POINT('',(46.6,-26.,36.4));
#548 = LINE('',#549,#550);
#549 = CARTESIAN_POINT('',(46.6,-26.,16.4));
#550 = VECTOR('',#551,1.);
#551 = DIRECTION('',(0.,0.,1.));
#552 = ORIENTED_EDGE('',*,*,#553,.T.);
#553 = EDGE_CURVE('',#546,#554,#556,.T.);
#554 = VERTEX_POINT('',#555);
#555 = CARTESIAN_POINT('',(46.6,-28.5,36.4));
#556 = LINE('',#557,#558);
#557 = CARTESIAN_POINT('',(46.6,-26.,36.4));
#558 = VECTOR('',#559,1.);
#559 = DIRECTION('',(0.,-1.,0.));
#560 = ORIENTED_EDGE('',*,*,#561,.T.);
#561 = EDGE_CURVE('',#554,#536,#562,.T.);
#562 = LINE('',#563,#564);
#563 = CARTESIAN_POINT('',(46.6,-28.5,36.4));
#564 = VECTOR('',#565,1.);
#565 = DIRECTION('',(0.,0.,-1.));
#566 = PLANE('',#567);
#567 = AXIS2_PLACEMENT_3D('',#568,#569,#570);
#568 = CARTESIAN_POINT('',(46.6,-41.,0.));
#569 = DIRECTION('',(-1.,0.,0.));
#570 = DIRECTION('',(0.,1.,0.));
#571 = ADVANCED_FACE('',(#572),#590,.F.);
#572 = FACE_BOUND('',#573,.F.);
#573 = EDGE_LOOP('',(#574,#575,#576,#584));
#574 = ORIENTED_EDGE('',*,*,#260,.F.);
#575 = ORIENTED_EDGE('',*,*,#359,.T.);
#576 = ORIENTED_EDGE('',*,*,#577,.T.);
#577 = EDGE_CURVE('',#360,#578,#580,.T.);
#578 = VERTEX_POINT('',#579);
#579 = CARTESIAN_POINT('',(42.6,41.6,41.4));
#580 = LINE('',#581,#582);
#581 = CARTESIAN_POINT('',(42.6,37.6,41.4));
#582 = VECTOR('',#583,1.);
#583 = DIRECTION('',(0.,1.,0.));
#584 = ORIENTED_EDGE('',*,*,#585,.F.);
#585 = EDGE_CURVE('',#253,#578,#586,.T.);
#586 = LINE('',#587,#588);
#587 = CARTESIAN_POINT('',(42.6,41.6,56.4));
#588 = VECTOR('',#589,1.);
#589 = DIRECTION('',(-0.,-0.,-1.));
#590 = PLANE('',#591);
#591 = AXIS2_PLACEMENT_3D('',#592,#593,#594);
#592 = CARTESIAN_POINT('',(42.6,37.6,56.4));
#593 = DIRECTION('',(1.,0.,0.));
#594 = DIRECTION('',(0.,1.,0.));
#595 = ADVANCED_FACE('',(#596),#614,.T.);
#596 = FACE_BOUND('',#597,.T.);
#597 = EDGE_LOOP('',(#598,#599,#600,#608));
#598 = ORIENTED_EDGE('',*,*,#61,.F.);
#599 = ORIENTED_EDGE('',*,*,#417,.T.);
#600 = ORIENTED_EDGE('',*,*,#601,.T.);
#601 = EDGE_CURVE('',#410,#602,#604,.T.);
#602 = VERTEX_POINT('',#603);
#603 = CARTESIAN_POINT('',(43.6,-37.6,41.4));
#604 = LINE('',#605,#606);
#605 = CARTESIAN_POINT('',(46.6,-37.6,41.4));
#606 = VECTOR('',#607,1.);
#607 = DIRECTION('',(-1.,0.,0.));
#608 = ORIENTED_EDGE('',*,*,#609,.F.);
#609 = EDGE_CURVE('',#62,#602,#610,.T.);
#610 = LINE('',#611,#612);
#611 = CARTESIAN_POINT('',(43.6,-37.6,56.4));
#612 = VECTOR('',#613,1.);
#613 = DIRECTION('',(-0.,-0.,-1.));
#614 = PLANE('',#615);
#615 = AXIS2_PLACEMENT_3D('',#616,#617,#618);
#616 = CARTESIAN_POINT('',(46.6,-37.6,56.4));
#617 = DIRECTION('',(0.,1.,0.));
#618 = DIRECTION('',(-1.,0.,0.));
#619 = ADVANCED_FACE('',(#620),#784,.T.);
#620 = FACE_BOUND('',#621,.T.);
#621 = EDGE_LOOP('',(#622,#632,#641,#649,#657,#665,#673,#681,#689,#697,
    #705,#713,#721,#729,#735,#736,#737,#745,#753,#761,#769,#777));
#622 = ORIENTED_EDGE('',*,*,#623,.F.);
#623 = EDGE_CURVE('',#624,#626,#628,.T.);
#624 = VERTEX_POINT('',#625);
#625 = CARTESIAN_POINT('',(3.,41.6,52.4));
#626 = VERTEX_POINT('',#627);
#627 = CARTESIAN_POINT('',(2.,41.6,52.4));
#628 = LINE('',#629,#630);
#629 = CARTESIAN_POINT('',(24.25,41.6,52.4));
#630 = VECTOR('',#631,1.);
#631 = DIRECTION('',(-1.,0.,0.));
#632 = ORIENTED_EDGE('',*,*,#633,.T.);
#633 = EDGE_CURVE('',#624,#634,#636,.T.);
#634 = VERTEX_POINT('',#635);
#635 = CARTESIAN_POINT('',(4.,41.6,51.4));
#636 = CIRCLE('',#637,1.);
#637 = AXIS2_PLACEMENT_3D('',#638,#639,#640);
#638 = CARTESIAN_POINT('',(3.,41.6,51.4));
#639 = DIRECTION('',(0.,1.,0.));
#640 = DIRECTION('',(0.,0.,-1.));
#641 = ORIENTED_EDGE('',*,*,#642,.F.);
#642 = EDGE_CURVE('',#643,#634,#645,.T.);
#643 = VERTEX_POINT('',#644);
#644 = CARTESIAN_POINT('',(4.,41.6,3.4));
#645 = LINE('',#646,#647);
#646 = CARTESIAN_POINT('',(4.,41.6,1.7));
#647 = VECTOR('',#648,1.);
#648 = DIRECTION('',(0.,0.,1.));
#649 = ORIENTED_EDGE('',*,*,#650,.F.);
#650 = EDGE_CURVE('',#651,#643,#653,.T.);
#651 = VERTEX_POINT('',#652);
#652 = CARTESIAN_POINT('',(15.8,41.6,3.4));
#653 = LINE('',#654,#655);
#654 = CARTESIAN_POINT('',(16.75,41.6,3.4));
#655 = VECTOR('',#656,1.);
#656 = DIRECTION('',(-1.,0.,0.));
#657 = ORIENTED_EDGE('',*,*,#658,.T.);
#658 = EDGE_CURVE('',#651,#659,#661,.T.);
#659 = VERTEX_POINT('',#660);
#660 = CARTESIAN_POINT('',(15.8,41.6,43.4));
#661 = LINE('',#662,#663);
#662 = CARTESIAN_POINT('',(15.8,41.6,1.7));
#663 = VECTOR('',#664,1.);
#664 = DIRECTION('',(0.,0.,1.));
#665 = ORIENTED_EDGE('',*,*,#666,.T.);
#666 = EDGE_CURVE('',#659,#667,#669,.T.);
#667 = VERTEX_POINT('',#668);
#668 = CARTESIAN_POINT('',(19.195212360782,41.6,43.4));
#669 = LINE('',#670,#671);
#670 = CARTESIAN_POINT('',(30.9,41.6,43.4));
#671 = VECTOR('',#672,1.);
#672 = DIRECTION('',(1.,0.,0.));
#673 = ORIENTED_EDGE('',*,*,#674,.F.);
#674 = EDGE_CURVE('',#675,#667,#677,.T.);
#675 = VERTEX_POINT('',#676);
#676 = CARTESIAN_POINT('',(19.195212360782,41.6,4.4));
#677 = LINE('',#678,#679);
#678 = CARTESIAN_POINT('',(19.195212360782,41.6,4.4));
#679 = VECTOR('',#680,1.);
#680 = DIRECTION('',(0.,0.,1.));
#681 = ORIENTED_EDGE('',*,*,#682,.T.);
#682 = EDGE_CURVE('',#675,#683,#685,.T.);
#683 = VERTEX_POINT('',#684);
#684 = CARTESIAN_POINT('',(19.2,41.6,4.4));
#685 = LINE('',#686,#687);
#686 = CARTESIAN_POINT('',(17.,41.6,4.4));
#687 = VECTOR('',#688,1.);
#688 = DIRECTION('',(1.,0.,0.));
#689 = ORIENTED_EDGE('',*,*,#690,.T.);
#690 = EDGE_CURVE('',#683,#691,#693,.T.);
#691 = VERTEX_POINT('',#692);
#692 = CARTESIAN_POINT('',(19.2,41.6,43.4));
#693 = LINE('',#694,#695);
#694 = CARTESIAN_POINT('',(19.2,41.6,3.4));
#695 = VECTOR('',#696,1.);
#696 = DIRECTION('',(0.,0.,1.));
#697 = ORIENTED_EDGE('',*,*,#698,.T.);
#698 = EDGE_CURVE('',#691,#699,#701,.T.);
#699 = VERTEX_POINT('',#700);
#700 = CARTESIAN_POINT('',(20.4,41.6,43.4));
#701 = LINE('',#702,#703);
#702 = CARTESIAN_POINT('',(19.2,41.6,43.4));
#703 = VECTOR('',#704,1.);
#704 = DIRECTION('',(1.,0.,0.));
#705 = ORIENTED_EDGE('',*,*,#706,.T.);
#706 = EDGE_CURVE('',#699,#707,#709,.T.);
#707 = VERTEX_POINT('',#708);
#708 = CARTESIAN_POINT('',(20.4,41.6,3.4));
#709 = LINE('',#710,#711);
#710 = CARTESIAN_POINT('',(20.4,41.6,43.4));
#711 = VECTOR('',#712,1.);
#712 = DIRECTION('',(0.,0.,-1.));
#713 = ORIENTED_EDGE('',*,*,#714,.F.);
#714 = EDGE_CURVE('',#715,#707,#717,.T.);
#715 = VERTEX_POINT('',#716);
#716 = CARTESIAN_POINT('',(46.,41.6,3.4));
#717 = LINE('',#718,#719);
#718 = CARTESIAN_POINT('',(16.75,41.6,3.4));
#719 = VECTOR('',#720,1.);
#720 = DIRECTION('',(-1.,0.,0.));
#721 = ORIENTED_EDGE('',*,*,#722,.T.);
#722 = EDGE_CURVE('',#715,#723,#725,.T.);
#723 = VERTEX_POINT('',#724);
#724 = CARTESIAN_POINT('',(45.999999596077,41.6,41.4));
#725 = LINE('',#726,#727);
#726 = CARTESIAN_POINT('',(46.,41.6,0.));
#727 = VECTOR('',#728,1.);
#728 = DIRECTION('',(0.,0.,1.));
#729 = ORIENTED_EDGE('',*,*,#730,.F.);
#730 = EDGE_CURVE('',#578,#723,#731,.T.);
#731 = LINE('',#732,#733);
#732 = CARTESIAN_POINT('',(42.6,41.6,41.4));
#733 = VECTOR('',#734,1.);
#734 = DIRECTION('',(1.,-4.598E-14,0.));
#735 = ORIENTED_EDGE('',*,*,#585,.F.);
#736 = ORIENTED_EDGE('',*,*,#252,.T.);
#737 = ORIENTED_EDGE('',*,*,#738,.T.);
#738 = EDGE_CURVE('',#245,#739,#741,.T.);
#739 = VERTEX_POINT('',#740);
#740 = CARTESIAN_POINT('',(-67.6,41.6,41.4));
#741 = LINE('',#742,#743);
#742 = CARTESIAN_POINT('',(-67.6,41.6,56.4));
#743 = VECTOR('',#744,1.);
#744 = DIRECTION('',(-0.,-0.,-1.));
#745 = ORIENTED_EDGE('',*,*,#746,.T.);
#746 = EDGE_CURVE('',#739,#747,#749,.T.);
#747 = VERTEX_POINT('',#748);
#748 = CARTESIAN_POINT('',(-70.99999980289,41.6,41.4));
#749 = LINE('',#750,#751);
#750 = CARTESIAN_POINT('',(-67.6,41.6,41.4));
#751 = VECTOR('',#752,1.);
#752 = DIRECTION('',(-1.,-2.09E-15,0.));
#753 = ORIENTED_EDGE('',*,*,#754,.F.);
#754 = EDGE_CURVE('',#755,#747,#757,.T.);
#755 = VERTEX_POINT('',#756);
#756 = CARTESIAN_POINT('',(-71.,41.6,3.4));
#757 = LINE('',#758,#759);
#758 = CARTESIAN_POINT('',(-71.,41.6,0.));
#759 = VECTOR('',#760,1.);
#760 = DIRECTION('',(0.,0.,1.));
#761 = ORIENTED_EDGE('',*,*,#762,.F.);
#762 = EDGE_CURVE('',#763,#755,#765,.T.);
#763 = VERTEX_POINT('',#764);
#764 = CARTESIAN_POINT('',(1.,41.6,3.4));
#765 = LINE('',#766,#767);
#766 = CARTESIAN_POINT('',(16.75,41.6,3.4));
#767 = VECTOR('',#768,1.);
#768 = DIRECTION('',(-1.,0.,0.));
#769 = ORIENTED_EDGE('',*,*,#770,.F.);
#770 = EDGE_CURVE('',#771,#763,#773,.T.);
#771 = VERTEX_POINT('',#772);
#772 = CARTESIAN_POINT('',(1.,41.6,51.4));
#773 = LINE('',#774,#775);
#774 = CARTESIAN_POINT('',(1.,41.6,1.7));
#775 = VECTOR('',#776,1.);
#776 = DIRECTION('',(-0.,-0.,-1.));
#777 = ORIENTED_EDGE('',*,*,#778,.T.);
#778 = EDGE_CURVE('',#771,#626,#779,.T.);
#779 = CIRCLE('',#780,1.);
#780 = AXIS2_PLACEMENT_3D('',#781,#782,#783);
#781 = CARTESIAN_POINT('',(2.,41.6,51.4));
#782 = DIRECTION('',(0.,1.,0.));
#783 = DIRECTION('',(0.,0.,1.));
#784 = PLANE('',#785);
#785 = AXIS2_PLACEMENT_3D('',#786,#787,#788);
#786 = CARTESIAN_POINT('',(46.,41.6,0.));
#787 = DIRECTION('',(0.,-1.,0.));
#788 = DIRECTION('',(-1.,0.,0.));
#789 = ADVANCED_FACE('',(#790),#809,.T.);
#790 = FACE_BOUND('',#791,.T.);
#791 = EDGE_LOOP('',(#792,#793,#794,#803));
#792 = ORIENTED_EDGE('',*,*,#69,.T.);
#793 = ORIENTED_EDGE('',*,*,#609,.T.);
#794 = ORIENTED_EDGE('',*,*,#795,.F.);
#795 = EDGE_CURVE('',#796,#602,#798,.T.);
#796 = VERTEX_POINT('',#797);
#797 = CARTESIAN_POINT('',(42.6,-38.6,41.4));
#798 = CIRCLE('',#799,1.);
#799 = AXIS2_PLACEMENT_3D('',#800,#801,#802);
#800 = CARTESIAN_POINT('',(43.6,-38.6,41.4));
#801 = DIRECTION('',(0.,0.,-1.));
#802 = DIRECTION('',(0.,1.,0.));
#803 = ORIENTED_EDGE('',*,*,#804,.F.);
#804 = EDGE_CURVE('',#70,#796,#805,.T.);
#805 = LINE('',#806,#807);
#806 = CARTESIAN_POINT('',(42.6,-38.6,56.4));
#807 = VECTOR('',#808,1.);
#808 = DIRECTION('',(-0.,-0.,-1.));
#809 = CYLINDRICAL_SURFACE('',#810,1.);
#810 = AXIS2_PLACEMENT_3D('',#811,#812,#813);
#811 = CARTESIAN_POINT('',(43.6,-38.6,56.4));
#812 = DIRECTION('',(-0.,-0.,-1.));
#813 = DIRECTION('',(-1.,0.,0.));
#814 = ADVANCED_FACE('',(#815),#833,.T.);
#815 = FACE_BOUND('',#816,.T.);
#816 = EDGE_LOOP('',(#817,#818,#826,#832));
#817 = ORIENTED_EDGE('',*,*,#244,.F.);
#818 = ORIENTED_EDGE('',*,*,#819,.T.);
#819 = EDGE_CURVE('',#236,#820,#822,.T.);
#820 = VERTEX_POINT('',#821);
#821 = CARTESIAN_POINT('',(-67.6,38.6,41.4));
#822 = LINE('',#823,#824);
#823 = CARTESIAN_POINT('',(-67.6,38.6,56.4));
#824 = VECTOR('',#825,1.);
#825 = DIRECTION('',(-0.,-0.,-1.));
#826 = ORIENTED_EDGE('',*,*,#827,.T.);
#827 = EDGE_CURVE('',#820,#739,#828,.T.);
#828 = LINE('',#829,#830);
#829 = CARTESIAN_POINT('',(-67.6,37.6,41.4));
#830 = VECTOR('',#831,1.);
#831 = DIRECTION('',(0.,1.,0.));
#832 = ORIENTED_EDGE('',*,*,#738,.F.);
#833 = PLANE('',#834);
#834 = AXIS2_PLACEMENT_3D('',#835,#836,#837);
#835 = CARTESIAN_POINT('',(-67.6,37.6,56.4));
#836 = DIRECTION('',(1.,0.,0.));
#837 = DIRECTION('',(0.,1.,0.));
#838 = ADVANCED_FACE('',(#839),#857,.T.);
#839 = FACE_BOUND('',#840,.T.);
#840 = EDGE_LOOP('',(#841,#842,#843,#851));
#841 = ORIENTED_EDGE('',*,*,#78,.F.);
#842 = ORIENTED_EDGE('',*,*,#804,.T.);
#843 = ORIENTED_EDGE('',*,*,#844,.T.);
#844 = EDGE_CURVE('',#796,#845,#847,.T.);
#845 = VERTEX_POINT('',#846);
#846 = CARTESIAN_POINT('',(42.6,-41.6,41.4));
#847 = LINE('',#848,#849);
#848 = CARTESIAN_POINT('',(42.6,-37.6,41.4));
#849 = VECTOR('',#850,1.);
#850 = DIRECTION('',(0.,-1.,0.));
#851 = ORIENTED_EDGE('',*,*,#852,.F.);
#852 = EDGE_CURVE('',#79,#845,#853,.T.);
#853 = LINE('',#854,#855);
#854 = CARTESIAN_POINT('',(42.6,-41.6,56.4));
#855 = VECTOR('',#856,1.);
#856 = DIRECTION('',(-0.,-0.,-1.));
#857 = PLANE('',#858);
#858 = AXIS2_PLACEMENT_3D('',#859,#860,#861);
#859 = CARTESIAN_POINT('',(42.6,-37.6,56.4));
#860 = DIRECTION('',(-1.,0.,0.));
#861 = DIRECTION('',(0.,-1.,0.));
#862 = ADVANCED_FACE('',(#863),#882,.T.);
#863 = FACE_BOUND('',#864,.T.);
#864 = EDGE_LOOP('',(#865,#866,#874,#881));
#865 = ORIENTED_EDGE('',*,*,#235,.T.);
#866 = ORIENTED_EDGE('',*,*,#867,.T.);
#867 = EDGE_CURVE('',#228,#868,#870,.T.);
#868 = VERTEX_POINT('',#869);
#869 = CARTESIAN_POINT('',(-68.6,37.6,41.4));
#870 = LINE('',#871,#872);
#871 = CARTESIAN_POINT('',(-68.6,37.6,56.4));
#872 = VECTOR('',#873,1.);
#873 = DIRECTION('',(-0.,-0.,-1.));
#874 = ORIENTED_EDGE('',*,*,#875,.F.);
#875 = EDGE_CURVE('',#820,#868,#876,.T.);
#876 = CIRCLE('',#877,1.);
#877 = AXIS2_PLACEMENT_3D('',#878,#879,#880);
#878 = CARTESIAN_POINT('',(-68.6,38.6,41.4));
#879 = DIRECTION('',(0.,0.,-1.));
#880 = DIRECTION('',(0.,1.,0.));
#881 = ORIENTED_EDGE('',*,*,#819,.F.);
#882 = CYLINDRICAL_SURFACE('',#883,1.);
#883 = AXIS2_PLACEMENT_3D('',#884,#885,#886);
#884 = CARTESIAN_POINT('',(-68.6,38.6,56.4));
#885 = DIRECTION('',(-0.,-0.,-1.));
#886 = DIRECTION('',(1.,0.,0.));
#887 = ADVANCED_FACE('',(#888,#1020,#1054,#1088,#1122),#1156,.T.);
#888 = FACE_BOUND('',#889,.T.);
#889 = EDGE_LOOP('',(#890,#901,#909,#918,#926,#934,#942,#950,#956,#957,
    #958,#966,#974,#982,#990,#998,#1006,#1014));
#890 = ORIENTED_EDGE('',*,*,#891,.F.);
#891 = EDGE_CURVE('',#892,#894,#896,.T.);
#892 = VERTEX_POINT('',#893);
#893 = CARTESIAN_POINT('',(3.,-41.6,52.4));
#894 = VERTEX_POINT('',#895);
#895 = CARTESIAN_POINT('',(4.,-41.6,51.4));
#896 = CIRCLE('',#897,1.);
#897 = AXIS2_PLACEMENT_3D('',#898,#899,#900);
#898 = CARTESIAN_POINT('',(3.,-41.6,51.4));
#899 = DIRECTION('',(0.,1.,0.));
#900 = DIRECTION('',(0.,0.,-1.));
#901 = ORIENTED_EDGE('',*,*,#902,.F.);
#902 = EDGE_CURVE('',#903,#892,#905,.T.);
#903 = VERTEX_POINT('',#904);
#904 = CARTESIAN_POINT('',(2.,-41.6,52.4));
#905 = LINE('',#906,#907);
#906 = CARTESIAN_POINT('',(-34.25,-41.6,52.4));
#907 = VECTOR('',#908,1.);
#908 = DIRECTION('',(1.,0.,0.));
#909 = ORIENTED_EDGE('',*,*,#910,.T.);
#910 = EDGE_CURVE('',#903,#911,#913,.T.);
#911 = VERTEX_POINT('',#912);
#912 = CARTESIAN_POINT('',(1.,-41.6,51.4));
#913 = CIRCLE('',#914,1.);
#914 = AXIS2_PLACEMENT_3D('',#915,#916,#917);
#915 = CARTESIAN_POINT('',(2.,-41.6,51.4));
#916 = DIRECTION('',(0.,-1.,0.));
#917 = DIRECTION('',(0.,0.,1.));
#918 = ORIENTED_EDGE('',*,*,#919,.F.);
#919 = EDGE_CURVE('',#920,#911,#922,.T.);
#920 = VERTEX_POINT('',#921);
#921 = CARTESIAN_POINT('',(1.,-41.6,3.4));
#922 = LINE('',#923,#924);
#923 = CARTESIAN_POINT('',(1.,-41.6,1.7));
#924 = VECTOR('',#925,1.);
#925 = DIRECTION('',(0.,0.,1.));
#926 = ORIENTED_EDGE('',*,*,#927,.F.);
#927 = EDGE_CURVE('',#928,#920,#930,.T.);
#928 = VERTEX_POINT('',#929);
#929 = CARTESIAN_POINT('',(-71.,-41.6,3.4));
#930 = LINE('',#931,#932);
#931 = CARTESIAN_POINT('',(-41.75,-41.6,3.4));
#932 = VECTOR('',#933,1.);
#933 = DIRECTION('',(1.,0.,0.));
#934 = ORIENTED_EDGE('',*,*,#935,.T.);
#935 = EDGE_CURVE('',#928,#936,#938,.T.);
#936 = VERTEX_POINT('',#937);
#937 = CARTESIAN_POINT('',(-70.99999980289,-41.6,41.4));
#938 = LINE('',#939,#940);
#939 = CARTESIAN_POINT('',(-71.,-41.6,0.));
#940 = VECTOR('',#941,1.);
#941 = DIRECTION('',(0.,0.,1.));
#942 = ORIENTED_EDGE('',*,*,#943,.F.);
#943 = EDGE_CURVE('',#944,#936,#946,.T.);
#944 = VERTEX_POINT('',#945);
#945 = CARTESIAN_POINT('',(-67.6,-41.6,41.4));
#946 = LINE('',#947,#948);
#947 = CARTESIAN_POINT('',(-67.6,-41.6,41.4));
#948 = VECTOR('',#949,1.);
#949 = DIRECTION('',(-1.,2.09E-15,0.));
#950 = ORIENTED_EDGE('',*,*,#951,.F.);
#951 = EDGE_CURVE('',#87,#944,#952,.T.);
#952 = LINE('',#953,#954);
#953 = CARTESIAN_POINT('',(-67.6,-41.6,56.4));
#954 = VECTOR('',#955,1.);
#955 = DIRECTION('',(-0.,-0.,-1.));
#956 = ORIENTED_EDGE('',*,*,#86,.T.);
#957 = ORIENTED_EDGE('',*,*,#852,.T.);
#958 = ORIENTED_EDGE('',*,*,#959,.T.);
#959 = EDGE_CURVE('',#845,#960,#962,.T.);
#960 = VERTEX_POINT('',#961);
#961 = CARTESIAN_POINT('',(46.,-41.6,41.4));
#962 = LINE('',#963,#964);
#963 = CARTESIAN_POINT('',(42.6,-41.6,41.4));
#964 = VECTOR('',#965,1.);
#965 = DIRECTION('',(1.,0.,0.));
#966 = ORIENTED_EDGE('',*,*,#967,.F.);
#967 = EDGE_CURVE('',#968,#960,#970,.T.);
#968 = VERTEX_POINT('',#969);
#969 = CARTESIAN_POINT('',(46.,-41.6,3.4));
#970 = LINE('',#971,#972);
#971 = CARTESIAN_POINT('',(46.,-41.6,0.));
#972 = VECTOR('',#973,1.);
#973 = DIRECTION('',(0.,0.,1.));
#974 = ORIENTED_EDGE('',*,*,#975,.F.);
#975 = EDGE_CURVE('',#976,#968,#978,.T.);
#976 = VERTEX_POINT('',#977);
#977 = CARTESIAN_POINT('',(20.4,-41.6,3.4));
#978 = LINE('',#979,#980);
#979 = CARTESIAN_POINT('',(-41.75,-41.6,3.4));
#980 = VECTOR('',#981,1.);
#981 = DIRECTION('',(1.,0.,0.));
#982 = ORIENTED_EDGE('',*,*,#983,.F.);
#983 = EDGE_CURVE('',#984,#976,#986,.T.);
#984 = VERTEX_POINT('',#985);
#985 = CARTESIAN_POINT('',(20.4,-41.6,43.4));
#986 = LINE('',#987,#988);
#987 = CARTESIAN_POINT('',(20.4,-41.6,21.7));
#988 = VECTOR('',#989,1.);
#989 = DIRECTION('',(0.,0.,-1.));
#990 = ORIENTED_EDGE('',*,*,#991,.F.);
#991 = EDGE_CURVE('',#992,#984,#994,.T.);
#992 = VERTEX_POINT('',#993);
#993 = CARTESIAN_POINT('',(15.8,-41.6,43.4));
#994 = LINE('',#995,#996);
#995 = CARTESIAN_POINT('',(-25.9,-41.6,43.4));
#996 = VECTOR('',#997,1.);
#997 = DIRECTION('',(1.,0.,0.));
#998 = ORIENTED_EDGE('',*,*,#999,.F.);
#999 = EDGE_CURVE('',#1000,#992,#1002,.T.);
#1000 = VERTEX_POINT('',#1001);
#1001 = CARTESIAN_POINT('',(15.8,-41.6,3.4));
#1002 = LINE('',#1003,#1004);
#1003 = CARTESIAN_POINT('',(15.8,-41.6,3.4));
#1004 = VECTOR('',#1005,1.);
#1005 = DIRECTION('',(0.,0.,1.));
#1006 = ORIENTED_EDGE('',*,*,#1007,.F.);
#1007 = EDGE_CURVE('',#1008,#1000,#1010,.T.);
#1008 = VERTEX_POINT('',#1009);
#1009 = CARTESIAN_POINT('',(4.,-41.6,3.4));
#1010 = LINE('',#1011,#1012);
#1011 = CARTESIAN_POINT('',(-41.75,-41.6,3.4));
#1012 = VECTOR('',#1013,1.);
#1013 = DIRECTION('',(1.,0.,0.));
#1014 = ORIENTED_EDGE('',*,*,#1015,.F.);
#1015 = EDGE_CURVE('',#894,#1008,#1016,.T.);
#1016 = LINE('',#1017,#1018);
#1017 = CARTESIAN_POINT('',(4.,-41.6,1.7));
#1018 = VECTOR('',#1019,1.);
#1019 = DIRECTION('',(0.,0.,-1.));
#1020 = FACE_BOUND('',#1021,.T.);
#1021 = EDGE_LOOP('',(#1022,#1032,#1040,#1048));
#1022 = ORIENTED_EDGE('',*,*,#1023,.T.);
#1023 = EDGE_CURVE('',#1024,#1026,#1028,.T.);
#1024 = VERTEX_POINT('',#1025);
#1025 = CARTESIAN_POINT('',(29.,-41.6,36.4));
#1026 = VERTEX_POINT('',#1027);
#1027 = CARTESIAN_POINT('',(26.5,-41.6,36.4));
#1028 = LINE('',#1029,#1030);
#1029 = CARTESIAN_POINT('',(29.,-41.6,36.4));
#1030 = VECTOR('',#1031,1.);
#1031 = DIRECTION('',(-1.,0.,0.));
#1032 = ORIENTED_EDGE('',*,*,#1033,.T.);
#1033 = EDGE_CURVE('',#1026,#1034,#1036,.T.);
#1034 = VERTEX_POINT('',#1035);
#1035 = CARTESIAN_POINT('',(26.5,-41.6,16.4));
#1036 = LINE('',#1037,#1038);
#1037 = CARTESIAN_POINT('',(26.5,-41.6,36.4));
#1038 = VECTOR('',#1039,1.);
#1039 = DIRECTION('',(0.,0.,-1.));
#1040 = ORIENTED_EDGE('',*,*,#1041,.T.);
#1041 = EDGE_CURVE('',#1034,#1042,#1044,.T.);
#1042 = VERTEX_POINT('',#1043);
#1043 = CARTESIAN_POINT('',(29.,-41.6,16.4));
#1044 = LINE('',#1045,#1046);
#1045 = CARTESIAN_POINT('',(26.5,-41.6,16.4));
#1046 = VECTOR('',#1047,1.);
#1047 = DIRECTION('',(1.,0.,0.));
#1048 = ORIENTED_EDGE('',*,*,#1049,.T.);
#1049 = EDGE_CURVE('',#1042,#1024,#1050,.T.);
#1050 = LINE('',#1051,#1052);
#1051 = CARTESIAN_POINT('',(29.,-41.6,16.4));
#1052 = VECTOR('',#1053,1.);
#1053 = DIRECTION('',(0.,0.,1.));
#1054 = FACE_BOUND('',#1055,.T.);
#1055 = EDGE_LOOP('',(#1056,#1066,#1074,#1082));
#1056 = ORIENTED_EDGE('',*,*,#1057,.F.);
#1057 = EDGE_CURVE('',#1058,#1060,#1062,.T.);
#1058 = VERTEX_POINT('',#1059);
#1059 = CARTESIAN_POINT('',(33.5,-41.6,36.4));
#1060 = VERTEX_POINT('',#1061);
#1061 = CARTESIAN_POINT('',(33.5,-41.6,16.4));
#1062 = LINE('',#1063,#1064);
#1063 = CARTESIAN_POINT('',(33.5,-41.6,36.4));
#1064 = VECTOR('',#1065,1.);
#1065 = DIRECTION('',(0.,0.,-1.));
#1066 = ORIENTED_EDGE('',*,*,#1067,.F.);
#1067 = EDGE_CURVE('',#1068,#1058,#1070,.T.);
#1068 = VERTEX_POINT('',#1069);
#1069 = CARTESIAN_POINT('',(31.,-41.6,36.4));
#1070 = LINE('',#1071,#1072);
#1071 = CARTESIAN_POINT('',(31.,-41.6,36.4));
#1072 = VECTOR('',#1073,1.);
#1073 = DIRECTION('',(1.,0.,0.));
#1074 = ORIENTED_EDGE('',*,*,#1075,.F.);
#1075 = EDGE_CURVE('',#1076,#1068,#1078,.T.);
#1076 = VERTEX_POINT('',#1077);
#1077 = CARTESIAN_POINT('',(31.,-41.6,16.4));
#1078 = LINE('',#1079,#1080);
#1079 = CARTESIAN_POINT('',(31.,-41.6,16.4));
#1080 = VECTOR('',#1081,1.);
#1081 = DIRECTION('',(0.,0.,1.));
#1082 = ORIENTED_EDGE('',*,*,#1083,.F.);
#1083 = EDGE_CURVE('',#1060,#1076,#1084,.T.);
#1084 = LINE('',#1085,#1086);
#1085 = CARTESIAN_POINT('',(33.5,-41.6,16.4));
#1086 = VECTOR('',#1087,1.);
#1087 = DIRECTION('',(-1.,0.,0.));
#1088 = FACE_BOUND('',#1089,.T.);
#1089 = EDGE_LOOP('',(#1090,#1100,#1108,#1116));
#1090 = ORIENTED_EDGE('',*,*,#1091,.T.);
#1091 = EDGE_CURVE('',#1092,#1094,#1096,.T.);
#1092 = VERTEX_POINT('',#1093);
#1093 = CARTESIAN_POINT('',(38.,-41.6,36.4));
#1094 = VERTEX_POINT('',#1095);
#1095 = CARTESIAN_POINT('',(35.5,-41.6,36.4));
#1096 = LINE('',#1097,#1098);
#1097 = CARTESIAN_POINT('',(38.,-41.6,36.4));
#1098 = VECTOR('',#1099,1.);
#1099 = DIRECTION('',(-1.,0.,0.));
#1100 = ORIENTED_EDGE('',*,*,#1101,.T.);
#1101 = EDGE_CURVE('',#1094,#1102,#1104,.T.);
#1102 = VERTEX_POINT('',#1103);
#1103 = CARTESIAN_POINT('',(35.5,-41.6,16.4));
#1104 = LINE('',#1105,#1106);
#1105 = CARTESIAN_POINT('',(35.5,-41.6,36.4));
#1106 = VECTOR('',#1107,1.);
#1107 = DIRECTION('',(0.,0.,-1.));
#1108 = ORIENTED_EDGE('',*,*,#1109,.T.);
#1109 = EDGE_CURVE('',#1102,#1110,#1112,.T.);
#1110 = VERTEX_POINT('',#1111);
#1111 = CARTESIAN_POINT('',(38.,-41.6,16.4));
#1112 = LINE('',#1113,#1114);
#1113 = CARTESIAN_POINT('',(35.5,-41.6,16.4));
#1114 = VECTOR('',#1115,1.);
#1115 = DIRECTION('',(1.,0.,0.));
#1116 = ORIENTED_EDGE('',*,*,#1117,.T.);
#1117 = EDGE_CURVE('',#1110,#1092,#1118,.T.);
#1118 = LINE('',#1119,#1120);
#1119 = CARTESIAN_POINT('',(38.,-41.6,16.4));
#1120 = VECTOR('',#1121,1.);
#1121 = DIRECTION('',(0.,0.,1.));
#1122 = FACE_BOUND('',#1123,.T.);
#1123 = EDGE_LOOP('',(#1124,#1134,#1142,#1150));
#1124 = ORIENTED_EDGE('',*,*,#1125,.F.);
#1125 = EDGE_CURVE('',#1126,#1128,#1130,.T.);
#1126 = VERTEX_POINT('',#1127);
#1127 = CARTESIAN_POINT('',(42.5,-41.6,36.4));
#1128 = VERTEX_POINT('',#1129);
#1129 = CARTESIAN_POINT('',(42.5,-41.6,16.4));
#1130 = LINE('',#1131,#1132);
#1131 = CARTESIAN_POINT('',(42.5,-41.6,36.4));
#1132 = VECTOR('',#1133,1.);
#1133 = DIRECTION('',(0.,0.,-1.));
#1134 = ORIENTED_EDGE('',*,*,#1135,.F.);
#1135 = EDGE_CURVE('',#1136,#1126,#1138,.T.);
#1136 = VERTEX_POINT('',#1137);
#1137 = CARTESIAN_POINT('',(40.,-41.6,36.4));
#1138 = LINE('',#1139,#1140);
#1139 = CARTESIAN_POINT('',(40.,-41.6,36.4));
#1140 = VECTOR('',#1141,1.);
#1141 = DIRECTION('',(1.,0.,0.));
#1142 = ORIENTED_EDGE('',*,*,#1143,.F.);
#1143 = EDGE_CURVE('',#1144,#1136,#1146,.T.);
#1144 = VERTEX_POINT('',#1145);
#1145 = CARTESIAN_POINT('',(40.,-41.6,16.4));
#1146 = LINE('',#1147,#1148);
#1147 = CARTESIAN_POINT('',(40.,-41.6,16.4));
#1148 = VECTOR('',#1149,1.);
#1149 = DIRECTION('',(0.,0.,1.));
#1150 = ORIENTED_EDGE('',*,*,#1151,.F.);
#1151 = EDGE_CURVE('',#1128,#1144,#1152,.T.);
#1152 = LINE('',#1153,#1154);
#1153 = CARTESIAN_POINT('',(42.5,-41.6,16.4));
#1154 = VECTOR('',#1155,1.);
#1155 = DIRECTION('',(-1.,0.,0.));
#1156 = PLANE('',#1157);
#1157 = AXIS2_PLACEMENT_3D('',#1158,#1159,#1160);
#1158 = CARTESIAN_POINT('',(-71.,-41.6,0.));
#1159 = DIRECTION('',(0.,1.,0.));
#1160 = DIRECTION('',(1.,0.,0.));
#1161 = ADVANCED_FACE('',(#1162),#1180,.T.);
#1162 = FACE_BOUND('',#1163,.T.);
#1163 = EDGE_LOOP('',(#1164,#1165,#1173,#1179));
#1164 = ORIENTED_EDGE('',*,*,#227,.F.);
#1165 = ORIENTED_EDGE('',*,*,#1166,.T.);
#1166 = EDGE_CURVE('',#220,#1167,#1169,.T.);
#1167 = VERTEX_POINT('',#1168);
#1168 = CARTESIAN_POINT('',(-71.6,37.6,41.4));
#1169 = LINE('',#1170,#1171);
#1170 = CARTESIAN_POINT('',(-71.6,37.6,56.4));
#1171 = VECTOR('',#1172,1.);
#1172 = DIRECTION('',(-0.,-0.,-1.));
#1173 = ORIENTED_EDGE('',*,*,#1174,.T.);
#1174 = EDGE_CURVE('',#1167,#868,#1175,.T.);
#1175 = LINE('',#1176,#1177);
#1176 = CARTESIAN_POINT('',(-71.6,37.6,41.4));
#1177 = VECTOR('',#1178,1.);
#1178 = DIRECTION('',(1.,0.,0.));
#1179 = ORIENTED_EDGE('',*,*,#867,.F.);
#1180 = PLANE('',#1181);
#1181 = AXIS2_PLACEMENT_3D('',#1182,#1183,#1184);
#1182 = CARTESIAN_POINT('',(-71.6,37.6,56.4));
#1183 = DIRECTION('',(0.,-1.,0.));
#1184 = DIRECTION('',(1.,0.,0.));
#1185 = ADVANCED_FACE('',(#1186),#1204,.F.);
#1186 = FACE_BOUND('',#1187,.F.);
#1187 = EDGE_LOOP('',(#1188,#1189,#1197,#1203));
#1188 = ORIENTED_EDGE('',*,*,#94,.F.);
#1189 = ORIENTED_EDGE('',*,*,#1190,.T.);
#1190 = EDGE_CURVE('',#95,#1191,#1193,.T.);
#1191 = VERTEX_POINT('',#1192);
#1192 = CARTESIAN_POINT('',(-67.6,-38.6,41.4));
#1193 = LINE('',#1194,#1195);
#1194 = CARTESIAN_POINT('',(-67.6,-38.6,56.4));
#1195 = VECTOR('',#1196,1.);
#1196 = DIRECTION('',(-0.,-0.,-1.));
#1197 = ORIENTED_EDGE('',*,*,#1198,.T.);
#1198 = EDGE_CURVE('',#1191,#944,#1199,.T.);
#1199 = LINE('',#1200,#1201);
#1200 = CARTESIAN_POINT('',(-67.6,-37.6,41.4));
#1201 = VECTOR('',#1202,1.);
#1202 = DIRECTION('',(0.,-1.,0.));
#1203 = ORIENTED_EDGE('',*,*,#951,.F.);
#1204 = PLANE('',#1205);
#1205 = AXIS2_PLACEMENT_3D('',#1206,#1207,#1208);
#1206 = CARTESIAN_POINT('',(-67.6,-37.6,56.4));
#1207 = DIRECTION('',(-1.,0.,0.));
#1208 = DIRECTION('',(0.,-1.,0.));
#1209 = ADVANCED_FACE('',(#1210),#1284,.T.);
#1210 = FACE_BOUND('',#1211,.T.);
#1211 = EDGE_LOOP('',(#1212,#1222,#1230,#1238,#1244,#1245,#1246,#1254,
    #1263,#1269,#1270,#1278));
#1212 = ORIENTED_EDGE('',*,*,#1213,.F.);
#1213 = EDGE_CURVE('',#1214,#1216,#1218,.T.);
#1214 = VERTEX_POINT('',#1215);
#1215 = CARTESIAN_POINT('',(-71.6,-41.,3.4));
#1216 = VERTEX_POINT('',#1217);
#1217 = CARTESIAN_POINT('',(-71.6,-41.,41.4));
#1218 = LINE('',#1219,#1220);
#1219 = CARTESIAN_POINT('',(-71.6,-41.,0.));
#1220 = VECTOR('',#1221,1.);
#1221 = DIRECTION('',(0.,0.,1.));
#1222 = ORIENTED_EDGE('',*,*,#1223,.F.);
#1223 = EDGE_CURVE('',#1224,#1214,#1226,.T.);
#1224 = VERTEX_POINT('',#1225);
#1225 = CARTESIAN_POINT('',(-71.6,41.,3.4));
#1226 = LINE('',#1227,#1228);
#1227 = CARTESIAN_POINT('',(-71.6,20.5,3.4));
#1228 = VECTOR('',#1229,1.);
#1229 = DIRECTION('',(0.,-1.,0.));
#1230 = ORIENTED_EDGE('',*,*,#1231,.T.);
#1231 = EDGE_CURVE('',#1224,#1232,#1234,.T.);
#1232 = VERTEX_POINT('',#1233);
#1233 = CARTESIAN_POINT('',(-71.6,41.,41.4));
#1234 = LINE('',#1235,#1236);
#1235 = CARTESIAN_POINT('',(-71.6,41.,0.));
#1236 = VECTOR('',#1237,1.);
#1237 = DIRECTION('',(0.,0.,1.));
#1238 = ORIENTED_EDGE('',*,*,#1239,.F.);
#1239 = EDGE_CURVE('',#1167,#1232,#1240,.T.);
#1240 = LINE('',#1241,#1242);
#1241 = CARTESIAN_POINT('',(-71.6,37.6,41.4));
#1242 = VECTOR('',#1243,1.);
#1243 = DIRECTION('',(0.,1.,0.));
#1244 = ORIENTED_EDGE('',*,*,#1166,.F.);
#1245 = ORIENTED_EDGE('',*,*,#219,.T.);
#1246 = ORIENTED_EDGE('',*,*,#1247,.T.);
#1247 = EDGE_CURVE('',#212,#1248,#1250,.T.);
#1248 = VERTEX_POINT('',#1249);
#1249 = CARTESIAN_POINT('',(-71.6,-27.,52.));
#1250 = LINE('',#1251,#1252);
#1251 = CARTESIAN_POINT('',(-71.6,-27.,26.));
#1252 = VECTOR('',#1253,1.);
#1253 = DIRECTION('',(0.,0.,-1.));
#1254 = ORIENTED_EDGE('',*,*,#1255,.T.);
#1255 = EDGE_CURVE('',#1248,#1256,#1258,.T.);
#1256 = VERTEX_POINT('',#1257);
#1257 = CARTESIAN_POINT('',(-71.6,-34.,52.));
#1258 = CIRCLE('',#1259,3.5);
#1259 = AXIS2_PLACEMENT_3D('',#1260,#1261,#1262);
#1260 = CARTESIAN_POINT('',(-71.6,-30.5,52.));
#1261 = DIRECTION('',(-1.,0.,0.));
#1262 = DIRECTION('',(0.,-1.,0.));
#1263 = ORIENTED_EDGE('',*,*,#1264,.T.);
#1264 = EDGE_CURVE('',#1256,#120,#1265,.T.);
#1265 = LINE('',#1266,#1267);
#1266 = CARTESIAN_POINT('',(-71.6,-34.,30.));
#1267 = VECTOR('',#1268,1.);
#1268 = DIRECTION('',(0.,0.,1.));
#1269 = ORIENTED_EDGE('',*,*,#119,.T.);
#1270 = ORIENTED_EDGE('',*,*,#1271,.T.);
#1271 = EDGE_CURVE('',#112,#1272,#1274,.T.);
#1272 = VERTEX_POINT('',#1273);
#1273 = CARTESIAN_POINT('',(-71.6,-37.6,41.4));
#1274 = LINE('',#1275,#1276);
#1275 = CARTESIAN_POINT('',(-71.6,-37.6,56.4));
#1276 = VECTOR('',#1277,1.);
#1277 = DIRECTION('',(-0.,-0.,-1.));
#1278 = ORIENTED_EDGE('',*,*,#1279,.T.);
#1279 = EDGE_CURVE('',#1272,#1216,#1280,.T.);
#1280 = LINE('',#1281,#1282);
#1281 = CARTESIAN_POINT('',(-71.6,-37.6,41.4));
#1282 = VECTOR('',#1283,1.);
#1283 = DIRECTION('',(0.,-1.,0.));
#1284 = PLANE('',#1285);
#1285 = AXIS2_PLACEMENT_3D('',#1286,#1287,#1288);
#1286 = CARTESIAN_POINT('',(-71.6,41.,0.));
#1287 = DIRECTION('',(1.,0.,0.));
#1288 = DIRECTION('',(0.,-1.,0.));
#1289 = ADVANCED_FACE('',(#1290),#1309,.T.);
#1290 = FACE_BOUND('',#1291,.T.);
#1291 = EDGE_LOOP('',(#1292,#1293,#1294,#1303));
#1292 = ORIENTED_EDGE('',*,*,#102,.T.);
#1293 = ORIENTED_EDGE('',*,*,#1190,.T.);
#1294 = ORIENTED_EDGE('',*,*,#1295,.F.);
#1295 = EDGE_CURVE('',#1296,#1191,#1298,.T.);
#1296 = VERTEX_POINT('',#1297);
#1297 = CARTESIAN_POINT('',(-68.6,-37.6,41.4));
#1298 = CIRCLE('',#1299,1.);
#1299 = AXIS2_PLACEMENT_3D('',#1300,#1301,#1302);
#1300 = CARTESIAN_POINT('',(-68.6,-38.6,41.4));
#1301 = DIRECTION('',(0.,0.,-1.));
#1302 = DIRECTION('',(0.,1.,0.));
#1303 = ORIENTED_EDGE('',*,*,#1304,.F.);
#1304 = EDGE_CURVE('',#103,#1296,#1305,.T.);
#1305 = LINE('',#1306,#1307);
#1306 = CARTESIAN_POINT('',(-68.6,-37.6,56.4));
#1307 = VECTOR('',#1308,1.);
#1308 = DIRECTION('',(-0.,-0.,-1.));
#1309 = CYLINDRICAL_SURFACE('',#1310,1.);
#1310 = AXIS2_PLACEMENT_3D('',#1311,#1312,#1313);
#1311 = CARTESIAN_POINT('',(-68.6,-38.6,56.4));
#1312 = DIRECTION('',(-0.,-0.,-1.));
#1313 = DIRECTION('',(0.,1.,0.));
#1314 = ADVANCED_FACE('',(#1315),#1333,.T.);
#1315 = FACE_BOUND('',#1316,.T.);
#1316 = EDGE_LOOP('',(#1317,#1325,#1331,#1332));
#1317 = ORIENTED_EDGE('',*,*,#1318,.F.);
#1318 = EDGE_CURVE('',#1319,#204,#1321,.T.);
#1319 = VERTEX_POINT('',#1320);
#1320 = CARTESIAN_POINT('',(-75.,-27.,52.));
#1321 = LINE('',#1322,#1323);
#1322 = CARTESIAN_POINT('',(-75.,-27.,52.));
#1323 = VECTOR('',#1324,1.);
#1324 = DIRECTION('',(0.,0.,1.));
#1325 = ORIENTED_EDGE('',*,*,#1326,.T.);
#1326 = EDGE_CURVE('',#1319,#1248,#1327,.T.);
#1327 = LINE('',#1328,#1329);
#1328 = CARTESIAN_POINT('',(-75.,-27.,52.));
#1329 = VECTOR('',#1330,1.);
#1330 = DIRECTION('',(1.,0.,0.));
#1331 = ORIENTED_EDGE('',*,*,#1247,.F.);
#1332 = ORIENTED_EDGE('',*,*,#211,.F.);
#1333 = PLANE('',#1334);
#1334 = AXIS2_PLACEMENT_3D('',#1335,#1336,#1337);
#1335 = CARTESIAN_POINT('',(-75.,-27.,52.));
#1336 = DIRECTION('',(0.,-1.,0.));
#1337 = DIRECTION('',(0.,0.,1.));
#1338 = ADVANCED_FACE('',(#1339),#1350,.F.);
#1339 = FACE_BOUND('',#1340,.F.);
#1340 = EDGE_LOOP('',(#1341,#1342,#1343,#1349));
#1341 = ORIENTED_EDGE('',*,*,#111,.F.);
#1342 = ORIENTED_EDGE('',*,*,#1271,.T.);
#1343 = ORIENTED_EDGE('',*,*,#1344,.T.);
#1344 = EDGE_CURVE('',#1272,#1296,#1345,.T.);
#1345 = LINE('',#1346,#1347);
#1346 = CARTESIAN_POINT('',(-71.6,-37.6,41.4));
#1347 = VECTOR('',#1348,1.);
#1348 = DIRECTION('',(1.,0.,0.));
#1349 = ORIENTED_EDGE('',*,*,#1304,.F.);
#1350 = PLANE('',#1351);
#1351 = AXIS2_PLACEMENT_3D('',#1352,#1353,#1354);
#1352 = CARTESIAN_POINT('',(-71.6,-37.6,56.4));
#1353 = DIRECTION('',(0.,-1.,0.));
#1354 = DIRECTION('',(1.,0.,0.));
#1355 = ADVANCED_FACE('',(#1356),#1398,.F.);
#1356 = FACE_BOUND('',#1357,.F.);
#1357 = EDGE_LOOP('',(#1358,#1366,#1374,#1380,#1381,#1382,#1391,#1397));
#1358 = ORIENTED_EDGE('',*,*,#1359,.F.);
#1359 = EDGE_CURVE('',#1360,#136,#1362,.T.);
#1360 = VERTEX_POINT('',#1361);
#1361 = CARTESIAN_POINT('',(-75.,-41.,2.));
#1362 = LINE('',#1363,#1364);
#1363 = CARTESIAN_POINT('',(-75.,-41.,0.));
#1364 = VECTOR('',#1365,1.);
#1365 = DIRECTION('',(0.,0.,1.));
#1366 = ORIENTED_EDGE('',*,*,#1367,.F.);
#1367 = EDGE_CURVE('',#1368,#1360,#1370,.T.);
#1368 = VERTEX_POINT('',#1369);
#1369 = CARTESIAN_POINT('',(-75.,41.,2.));
#1370 = LINE('',#1371,#1372);
#1371 = CARTESIAN_POINT('',(-75.,41.,2.));
#1372 = VECTOR('',#1373,1.);
#1373 = DIRECTION('',(0.,-1.,0.));
#1374 = ORIENTED_EDGE('',*,*,#1375,.T.);
#1375 = EDGE_CURVE('',#1368,#195,#1376,.T.);
#1376 = LINE('',#1377,#1378);
#1377 = CARTESIAN_POINT('',(-75.,41.,0.));
#1378 = VECTOR('',#1379,1.);
#1379 = DIRECTION('',(0.,0.,1.));
#1380 = ORIENTED_EDGE('',*,*,#203,.T.);
#1381 = ORIENTED_EDGE('',*,*,#1318,.F.);
#1382 = ORIENTED_EDGE('',*,*,#1383,.T.);
#1383 = EDGE_CURVE('',#1319,#1384,#1386,.T.);
#1384 = VERTEX_POINT('',#1385);
#1385 = CARTESIAN_POINT('',(-75.,-34.,52.));
#1386 = CIRCLE('',#1387,3.5);
#1387 = AXIS2_PLACEMENT_3D('',#1388,#1389,#1390);
#1388 = CARTESIAN_POINT('',(-75.,-30.5,52.));
#1389 = DIRECTION('',(-1.,0.,0.));
#1390 = DIRECTION('',(0.,-1.,0.));
#1391 = ORIENTED_EDGE('',*,*,#1392,.F.);
#1392 = EDGE_CURVE('',#128,#1384,#1393,.T.);
#1393 = LINE('',#1394,#1395);
#1394 = CARTESIAN_POINT('',(-75.,-34.,60.));
#1395 = VECTOR('',#1396,1.);
#1396 = DIRECTION('',(0.,0.,-1.));
#1397 = ORIENTED_EDGE('',*,*,#135,.T.);
#1398 = PLANE('',#1399);
#1399 = AXIS2_PLACEMENT_3D('',#1400,#1401,#1402);
#1400 = CARTESIAN_POINT('',(-75.,41.,0.));
#1401 = DIRECTION('',(1.,0.,0.));
#1402 = DIRECTION('',(0.,-1.,0.));
#1403 = ADVANCED_FACE('',(#1404),#1423,.T.);
#1404 = FACE_BOUND('',#1405,.F.);
#1405 = EDGE_LOOP('',(#1406,#1414,#1415,#1416));
#1406 = ORIENTED_EDGE('',*,*,#1407,.T.);
#1407 = EDGE_CURVE('',#1408,#187,#1410,.T.);
#1408 = VERTEX_POINT('',#1409);
#1409 = CARTESIAN_POINT('',(-71.,45.,2.));
#1410 = LINE('',#1411,#1412);
#1411 = CARTESIAN_POINT('',(-71.,45.,0.));
#1412 = VECTOR('',#1413,1.);
#1413 = DIRECTION('',(0.,0.,1.));
#1414 = ORIENTED_EDGE('',*,*,#194,.T.);
#1415 = ORIENTED_EDGE('',*,*,#1375,.F.);
#1416 = ORIENTED_EDGE('',*,*,#1417,.F.);
#1417 = EDGE_CURVE('',#1408,#1368,#1418,.T.);
#1418 = CIRCLE('',#1419,4.);
#1419 = AXIS2_PLACEMENT_3D('',#1420,#1421,#1422);
#1420 = CARTESIAN_POINT('',(-71.,41.,2.));
#1421 = DIRECTION('',(0.,-0.,1.));
#1422 = DIRECTION('',(0.,1.,0.));
#1423 = CYLINDRICAL_SURFACE('',#1424,4.);
#1424 = AXIS2_PLACEMENT_3D('',#1425,#1426,#1427);
#1425 = CARTESIAN_POINT('',(-71.,41.,0.));
#1426 = DIRECTION('',(-0.,-0.,-1.));
#1427 = DIRECTION('',(1.,0.,0.));
#1428 = ADVANCED_FACE('',(#1429),#1440,.T.);
#1429 = FACE_BOUND('',#1430,.T.);
#1430 = EDGE_LOOP('',(#1431,#1432,#1433,#1434));
#1431 = ORIENTED_EDGE('',*,*,#1392,.F.);
#1432 = ORIENTED_EDGE('',*,*,#127,.F.);
#1433 = ORIENTED_EDGE('',*,*,#1264,.F.);
#1434 = ORIENTED_EDGE('',*,*,#1435,.F.);
#1435 = EDGE_CURVE('',#1384,#1256,#1436,.T.);
#1436 = LINE('',#1437,#1438);
#1437 = CARTESIAN_POINT('',(-75.,-34.,52.));
#1438 = VECTOR('',#1439,1.);
#1439 = DIRECTION('',(1.,0.,0.));
#1440 = PLANE('',#1441);
#1441 = AXIS2_PLACEMENT_3D('',#1442,#1443,#1444);
#1442 = CARTESIAN_POINT('',(-75.,-34.,60.));
#1443 = DIRECTION('',(0.,1.,0.));
#1444 = DIRECTION('',(0.,0.,-1.));
#1445 = ADVANCED_FACE('',(#1446),#1464,.F.);
#1446 = FACE_BOUND('',#1447,.F.);
#1447 = EDGE_LOOP('',(#1448,#1456,#1457,#1458));
#1448 = ORIENTED_EDGE('',*,*,#1449,.T.);
#1449 = EDGE_CURVE('',#1450,#178,#1452,.T.);
#1450 = VERTEX_POINT('',#1451);
#1451 = CARTESIAN_POINT('',(46.,45.,2.));
#1452 = LINE('',#1453,#1454);
#1453 = CARTESIAN_POINT('',(46.,45.,0.));
#1454 = VECTOR('',#1455,1.);
#1455 = DIRECTION('',(0.,0.,1.));
#1456 = ORIENTED_EDGE('',*,*,#186,.T.);
#1457 = ORIENTED_EDGE('',*,*,#1407,.F.);
#1458 = ORIENTED_EDGE('',*,*,#1459,.F.);
#1459 = EDGE_CURVE('',#1450,#1408,#1460,.T.);
#1460 = LINE('',#1461,#1462);
#1461 = CARTESIAN_POINT('',(46.,45.,2.));
#1462 = VECTOR('',#1463,1.);
#1463 = DIRECTION('',(-1.,0.,0.));
#1464 = PLANE('',#1465);
#1465 = AXIS2_PLACEMENT_3D('',#1466,#1467,#1468);
#1466 = CARTESIAN_POINT('',(46.,45.,0.));
#1467 = DIRECTION('',(0.,-1.,0.));
#1468 = DIRECTION('',(-1.,0.,0.));
#1469 = ADVANCED_FACE('',(#1470),#1489,.T.);
#1470 = FACE_BOUND('',#1471,.F.);
#1471 = EDGE_LOOP('',(#1472,#1480,#1481,#1482));
#1472 = ORIENTED_EDGE('',*,*,#1473,.T.);
#1473 = EDGE_CURVE('',#1474,#170,#1476,.T.);
#1474 = VERTEX_POINT('',#1475);
#1475 = CARTESIAN_POINT('',(50.,41.,2.));
#1476 = LINE('',#1477,#1478);
#1477 = CARTESIAN_POINT('',(50.,41.,0.));
#1478 = VECTOR('',#1479,1.);
#1479 = DIRECTION('',(0.,0.,1.));
#1480 = ORIENTED_EDGE('',*,*,#177,.T.);
#1481 = ORIENTED_EDGE('',*,*,#1449,.F.);
#1482 = ORIENTED_EDGE('',*,*,#1483,.F.);
#1483 = EDGE_CURVE('',#1474,#1450,#1484,.T.);
#1484 = CIRCLE('',#1485,4.);
#1485 = AXIS2_PLACEMENT_3D('',#1486,#1487,#1488);
#1486 = CARTESIAN_POINT('',(46.,41.,2.));
#1487 = DIRECTION('',(0.,0.,1.));
#1488 = DIRECTION('',(1.,0.,0.));
#1489 = CYLINDRICAL_SURFACE('',#1490,4.);
#1490 = AXIS2_PLACEMENT_3D('',#1491,#1492,#1493);
#1491 = CARTESIAN_POINT('',(46.,41.,0.));
#1492 = DIRECTION('',(-0.,-0.,-1.));
#1493 = DIRECTION('',(1.,0.,0.));
#1494 = ADVANCED_FACE('',(#1495),#1514,.T.);
#1495 = FACE_BOUND('',#1496,.F.);
#1496 = EDGE_LOOP('',(#1497,#1498,#1499,#1507));
#1497 = ORIENTED_EDGE('',*,*,#1359,.T.);
#1498 = ORIENTED_EDGE('',*,*,#143,.T.);
#1499 = ORIENTED_EDGE('',*,*,#1500,.F.);
#1500 = EDGE_CURVE('',#1501,#144,#1503,.T.);
#1501 = VERTEX_POINT('',#1502);
#1502 = CARTESIAN_POINT('',(-71.,-45.,2.));
#1503 = LINE('',#1504,#1505);
#1504 = CARTESIAN_POINT('',(-71.,-45.,0.));
#1505 = VECTOR('',#1506,1.);
#1506 = DIRECTION('',(0.,0.,1.));
#1507 = ORIENTED_EDGE('',*,*,#1508,.F.);
#1508 = EDGE_CURVE('',#1360,#1501,#1509,.T.);
#1509 = CIRCLE('',#1510,4.);
#1510 = AXIS2_PLACEMENT_3D('',#1511,#1512,#1513);
#1511 = CARTESIAN_POINT('',(-71.,-41.,2.));
#1512 = DIRECTION('',(0.,0.,1.));
#1513 = DIRECTION('',(-1.,0.,0.));
#1514 = CYLINDRICAL_SURFACE('',#1515,4.);
#1515 = AXIS2_PLACEMENT_3D('',#1516,#1517,#1518);
#1516 = CARTESIAN_POINT('',(-71.,-41.,0.));
#1517 = DIRECTION('',(-0.,-0.,-1.));
#1518 = DIRECTION('',(1.,0.,0.));
#1519 = ADVANCED_FACE('',(#1520,#1538,#1572,#1606,#1640),#1674,.F.);
#1520 = FACE_BOUND('',#1521,.F.);
#1521 = EDGE_LOOP('',(#1522,#1530,#1531,#1532));
#1522 = ORIENTED_EDGE('',*,*,#1523,.T.);
#1523 = EDGE_CURVE('',#1524,#161,#1526,.T.);
#1524 = VERTEX_POINT('',#1525);
#1525 = CARTESIAN_POINT('',(50.,-41.,2.));
#1526 = LINE('',#1527,#1528);
#1527 = CARTESIAN_POINT('',(50.,-41.,0.));
#1528 = VECTOR('',#1529,1.);
#1529 = DIRECTION('',(0.,0.,1.));
#1530 = ORIENTED_EDGE('',*,*,#169,.T.);
#1531 = ORIENTED_EDGE('',*,*,#1473,.F.);
#1532 = ORIENTED_EDGE('',*,*,#1533,.F.);
#1533 = EDGE_CURVE('',#1524,#1474,#1534,.T.);
#1534 = LINE('',#1535,#1536);
#1535 = CARTESIAN_POINT('',(50.,-41.,2.));
#1536 = VECTOR('',#1537,1.);
#1537 = DIRECTION('',(0.,1.,0.));
#1538 = FACE_BOUND('',#1539,.F.);
#1539 = EDGE_LOOP('',(#1540,#1550,#1558,#1566));
#1540 = ORIENTED_EDGE('',*,*,#1541,.F.);
#1541 = EDGE_CURVE('',#1542,#1544,#1546,.T.);
#1542 = VERTEX_POINT('',#1543);
#1543 = CARTESIAN_POINT('',(50.,-33.,16.4));
#1544 = VERTEX_POINT('',#1545);
#1545 = CARTESIAN_POINT('',(50.,-33.,36.4));
#1546 = LINE('',#1547,#1548);
#1547 = CARTESIAN_POINT('',(50.,-33.,8.2));
#1548 = VECTOR('',#1549,1.);
#1549 = DIRECTION('',(0.,0.,1.));
#1550 = ORIENTED_EDGE('',*,*,#1551,.F.);
#1551 = EDGE_CURVE('',#1552,#1542,#1554,.T.);
#1552 = VERTEX_POINT('',#1553);
#1553 = CARTESIAN_POINT('',(50.,-30.5,16.4));
#1554 = LINE('',#1555,#1556);
#1555 = CARTESIAN_POINT('',(50.,-35.75,16.4));
#1556 = VECTOR('',#1557,1.);
#1557 = DIRECTION('',(-0.,-1.,-0.));
#1558 = ORIENTED_EDGE('',*,*,#1559,.F.);
#1559 = EDGE_CURVE('',#1560,#1552,#1562,.T.);
#1560 = VERTEX_POINT('',#1561);
#1561 = CARTESIAN_POINT('',(50.,-30.5,36.4));
#1562 = LINE('',#1563,#1564);
#1563 = CARTESIAN_POINT('',(50.,-30.5,18.2));
#1564 = VECTOR('',#1565,1.);
#1565 = DIRECTION('',(0.,0.,-1.));
#1566 = ORIENTED_EDGE('',*,*,#1567,.F.);
#1567 = EDGE_CURVE('',#1544,#1560,#1568,.T.);
#1568 = LINE('',#1569,#1570);
#1569 = CARTESIAN_POINT('',(50.,-37.,36.4));
#1570 = VECTOR('',#1571,1.);
#1571 = DIRECTION('',(0.,1.,0.));
#1572 = FACE_BOUND('',#1573,.F.);
#1573 = EDGE_LOOP('',(#1574,#1584,#1592,#1600));
#1574 = ORIENTED_EDGE('',*,*,#1575,.F.);
#1575 = EDGE_CURVE('',#1576,#1578,#1580,.T.);
#1576 = VERTEX_POINT('',#1577);
#1577 = CARTESIAN_POINT('',(50.,-24.,16.4));
#1578 = VERTEX_POINT('',#1579);
#1579 = CARTESIAN_POINT('',(50.,-24.,36.4));
#1580 = LINE('',#1581,#1582);
#1581 = CARTESIAN_POINT('',(50.,-24.,8.2));
#1582 = VECTOR('',#1583,1.);
#1583 = DIRECTION('',(0.,0.,1.));
#1584 = ORIENTED_EDGE('',*,*,#1585,.F.);
#1585 = EDGE_CURVE('',#1586,#1576,#1588,.T.);
#1586 = VERTEX_POINT('',#1587);
#1587 = CARTESIAN_POINT('',(50.,-21.5,16.4));
#1588 = LINE('',#1589,#1590);
#1589 = CARTESIAN_POINT('',(50.,-31.25,16.4));
#1590 = VECTOR('',#1591,1.);
#1591 = DIRECTION('',(-0.,-1.,-0.));
#1592 = ORIENTED_EDGE('',*,*,#1593,.F.);
#1593 = EDGE_CURVE('',#1594,#1586,#1596,.T.);
#1594 = VERTEX_POINT('',#1595);
#1595 = CARTESIAN_POINT('',(50.,-21.5,36.4));
#1596 = LINE('',#1597,#1598);
#1597 = CARTESIAN_POINT('',(50.,-21.5,18.2));
#1598 = VECTOR('',#1599,1.);
#1599 = DIRECTION('',(0.,0.,-1.));
#1600 = ORIENTED_EDGE('',*,*,#1601,.F.);
#1601 = EDGE_CURVE('',#1578,#1594,#1602,.T.);
#1602 = LINE('',#1603,#1604);
#1603 = CARTESIAN_POINT('',(50.,-32.5,36.4));
#1604 = VECTOR('',#1605,1.);
#1605 = DIRECTION('',(0.,1.,0.));
#1606 = FACE_BOUND('',#1607,.F.);
#1607 = EDGE_LOOP('',(#1608,#1618,#1626,#1634));
#1608 = ORIENTED_EDGE('',*,*,#1609,.T.);
#1609 = EDGE_CURVE('',#1610,#1612,#1614,.T.);
#1610 = VERTEX_POINT('',#1611);
#1611 = CARTESIAN_POINT('',(50.,-37.5,16.4));
#1612 = VERTEX_POINT('',#1613);
#1613 = CARTESIAN_POINT('',(50.,-35.,16.4));
#1614 = LINE('',#1615,#1616);
#1615 = CARTESIAN_POINT('',(50.,-39.25,16.4));
#1616 = VECTOR('',#1617,1.);
#1617 = DIRECTION('',(0.,1.,0.));
#1618 = ORIENTED_EDGE('',*,*,#1619,.T.);
#1619 = EDGE_CURVE('',#1612,#1620,#1622,.T.);
#1620 = VERTEX_POINT('',#1621);
#1621 = CARTESIAN_POINT('',(50.,-35.,36.4));
#1622 = LINE('',#1623,#1624);
#1623 = CARTESIAN_POINT('',(50.,-35.,8.2));
#1624 = VECTOR('',#1625,1.);
#1625 = DIRECTION('',(0.,0.,1.));
#1626 = ORIENTED_EDGE('',*,*,#1627,.T.);
#1627 = EDGE_CURVE('',#1620,#1628,#1630,.T.);
#1628 = VERTEX_POINT('',#1629);
#1629 = CARTESIAN_POINT('',(50.,-37.5,36.4));
#1630 = LINE('',#1631,#1632);
#1631 = CARTESIAN_POINT('',(50.,-38.,36.4));
#1632 = VECTOR('',#1633,1.);
#1633 = DIRECTION('',(-0.,-1.,-0.));
#1634 = ORIENTED_EDGE('',*,*,#1635,.T.);
#1635 = EDGE_CURVE('',#1628,#1610,#1636,.T.);
#1636 = LINE('',#1637,#1638);
#1637 = CARTESIAN_POINT('',(50.,-37.5,18.2));
#1638 = VECTOR('',#1639,1.);
#1639 = DIRECTION('',(0.,0.,-1.));
#1640 = FACE_BOUND('',#1641,.F.);
#1641 = EDGE_LOOP('',(#1642,#1652,#1660,#1668));
#1642 = ORIENTED_EDGE('',*,*,#1643,.T.);
#1643 = EDGE_CURVE('',#1644,#1646,#1648,.T.);
#1644 = VERTEX_POINT('',#1645);
#1645 = CARTESIAN_POINT('',(50.,-28.5,16.4));
#1646 = VERTEX_POINT('',#1647);
#1647 = CARTESIAN_POINT('',(50.,-26.,16.4));
#1648 = LINE('',#1649,#1650);
#1649 = CARTESIAN_POINT('',(50.,-34.75,16.4));
#1650 = VECTOR('',#1651,1.);
#1651 = DIRECTION('',(0.,1.,0.));
#1652 = ORIENTED_EDGE('',*,*,#1653,.T.);
#1653 = EDGE_CURVE('',#1646,#1654,#1656,.T.);
#1654 = VERTEX_POINT('',#1655);
#1655 = CARTESIAN_POINT('',(50.,-26.,36.4));
#1656 = LINE('',#1657,#1658);
#1657 = CARTESIAN_POINT('',(50.,-26.,8.2));
#1658 = VECTOR('',#1659,1.);
#1659 = DIRECTION('',(0.,0.,1.));
#1660 = ORIENTED_EDGE('',*,*,#1661,.T.);
#1661 = EDGE_CURVE('',#1654,#1662,#1664,.T.);
#1662 = VERTEX_POINT('',#1663);
#1663 = CARTESIAN_POINT('',(50.,-28.5,36.4));
#1664 = LINE('',#1665,#1666);
#1665 = CARTESIAN_POINT('',(50.,-33.5,36.4));
#1666 = VECTOR('',#1667,1.);
#1667 = DIRECTION('',(-0.,-1.,-0.));
#1668 = ORIENTED_EDGE('',*,*,#1669,.T.);
#1669 = EDGE_CURVE('',#1662,#1644,#1670,.T.);
#1670 = LINE('',#1671,#1672);
#1671 = CARTESIAN_POINT('',(50.,-28.5,18.2));
#1672 = VECTOR('',#1673,1.);
#1673 = DIRECTION('',(0.,0.,-1.));
#1674 = PLANE('',#1675);
#1675 = AXIS2_PLACEMENT_3D('',#1676,#1677,#1678);
#1676 = CARTESIAN_POINT('',(50.,-41.,0.));
#1677 = DIRECTION('',(-1.,0.,0.));
#1678 = DIRECTION('',(0.,1.,0.));
#1679 = ADVANCED_FACE('',(#1680,#1698,#1732,#1766,#1800),#1834,.F.);
#1680 = FACE_BOUND('',#1681,.F.);
#1681 = EDGE_LOOP('',(#1682,#1683,#1684,#1692));
#1682 = ORIENTED_EDGE('',*,*,#1500,.T.);
#1683 = ORIENTED_EDGE('',*,*,#152,.T.);
#1684 = ORIENTED_EDGE('',*,*,#1685,.F.);
#1685 = EDGE_CURVE('',#1686,#153,#1688,.T.);
#1686 = VERTEX_POINT('',#1687);
#1687 = CARTESIAN_POINT('',(46.,-45.,2.));
#1688 = LINE('',#1689,#1690);
#1689 = CARTESIAN_POINT('',(46.,-45.,0.));
#1690 = VECTOR('',#1691,1.);
#1691 = DIRECTION('',(0.,0.,1.));
#1692 = ORIENTED_EDGE('',*,*,#1693,.F.);
#1693 = EDGE_CURVE('',#1501,#1686,#1694,.T.);
#1694 = LINE('',#1695,#1696);
#1695 = CARTESIAN_POINT('',(-71.,-45.,2.));
#1696 = VECTOR('',#1697,1.);
#1697 = DIRECTION('',(1.,0.,0.));
#1698 = FACE_BOUND('',#1699,.F.);
#1699 = EDGE_LOOP('',(#1700,#1710,#1718,#1726));
#1700 = ORIENTED_EDGE('',*,*,#1701,.T.);
#1701 = EDGE_CURVE('',#1702,#1704,#1706,.T.);
#1702 = VERTEX_POINT('',#1703);
#1703 = CARTESIAN_POINT('',(29.,-45.,36.4));
#1704 = VERTEX_POINT('',#1705);
#1705 = CARTESIAN_POINT('',(26.5,-45.,36.4));
#1706 = LINE('',#1707,#1708);
#1707 = CARTESIAN_POINT('',(-21.,-45.,36.4));
#1708 = VECTOR('',#1709,1.);
#1709 = DIRECTION('',(-1.,0.,0.));
#1710 = ORIENTED_EDGE('',*,*,#1711,.T.);
#1711 = EDGE_CURVE('',#1704,#1712,#1714,.T.);
#1712 = VERTEX_POINT('',#1713);
#1713 = CARTESIAN_POINT('',(26.5,-45.,16.4));
#1714 = LINE('',#1715,#1716);
#1715 = CARTESIAN_POINT('',(26.5,-45.,18.2));
#1716 = VECTOR('',#1717,1.);
#1717 = DIRECTION('',(0.,0.,-1.));
#1718 = ORIENTED_EDGE('',*,*,#1719,.T.);
#1719 = EDGE_CURVE('',#1712,#1720,#1722,.T.);
#1720 = VERTEX_POINT('',#1721);
#1721 = CARTESIAN_POINT('',(29.,-45.,16.4));
#1722 = LINE('',#1723,#1724);
#1723 = CARTESIAN_POINT('',(-22.25,-45.,16.4));
#1724 = VECTOR('',#1725,1.);
#1725 = DIRECTION('',(1.,0.,0.));
#1726 = ORIENTED_EDGE('',*,*,#1727,.T.);
#1727 = EDGE_CURVE('',#1720,#1702,#1728,.T.);
#1728 = LINE('',#1729,#1730);
#1729 = CARTESIAN_POINT('',(29.,-45.,8.2));
#1730 = VECTOR('',#1731,1.);
#1731 = DIRECTION('',(0.,0.,1.));
#1732 = FACE_BOUND('',#1733,.F.);
#1733 = EDGE_LOOP('',(#1734,#1744,#1752,#1760));
#1734 = ORIENTED_EDGE('',*,*,#1735,.F.);
#1735 = EDGE_CURVE('',#1736,#1738,#1740,.T.);
#1736 = VERTEX_POINT('',#1737);
#1737 = CARTESIAN_POINT('',(33.5,-45.,36.4));
#1738 = VERTEX_POINT('',#1739);
#1739 = CARTESIAN_POINT('',(33.5,-45.,16.4));
#1740 = LINE('',#1741,#1742);
#1741 = CARTESIAN_POINT('',(33.5,-45.,18.2));
#1742 = VECTOR('',#1743,1.);
#1743 = DIRECTION('',(0.,0.,-1.));
#1744 = ORIENTED_EDGE('',*,*,#1745,.F.);
#1745 = EDGE_CURVE('',#1746,#1736,#1748,.T.);
#1746 = VERTEX_POINT('',#1747);
#1747 = CARTESIAN_POINT('',(31.,-45.,36.4));
#1748 = LINE('',#1749,#1750);
#1749 = CARTESIAN_POINT('',(-20.,-45.,36.4));
#1750 = VECTOR('',#1751,1.);
#1751 = DIRECTION('',(1.,0.,0.));
#1752 = ORIENTED_EDGE('',*,*,#1753,.F.);
#1753 = EDGE_CURVE('',#1754,#1746,#1756,.T.);
#1754 = VERTEX_POINT('',#1755);
#1755 = CARTESIAN_POINT('',(31.,-45.,16.4));
#1756 = LINE('',#1757,#1758);
#1757 = CARTESIAN_POINT('',(31.,-45.,8.2));
#1758 = VECTOR('',#1759,1.);
#1759 = DIRECTION('',(0.,0.,1.));
#1760 = ORIENTED_EDGE('',*,*,#1761,.F.);
#1761 = EDGE_CURVE('',#1738,#1754,#1762,.T.);
#1762 = LINE('',#1763,#1764);
#1763 = CARTESIAN_POINT('',(-18.75,-45.,16.4));
#1764 = VECTOR('',#1765,1.);
#1765 = DIRECTION('',(-1.,0.,0.));
#1766 = FACE_BOUND('',#1767,.F.);
#1767 = EDGE_LOOP('',(#1768,#1778,#1786,#1794));
#1768 = ORIENTED_EDGE('',*,*,#1769,.T.);
#1769 = EDGE_CURVE('',#1770,#1772,#1774,.T.);
#1770 = VERTEX_POINT('',#1771);
#1771 = CARTESIAN_POINT('',(38.,-45.,36.4));
#1772 = VERTEX_POINT('',#1773);
#1773 = CARTESIAN_POINT('',(35.5,-45.,36.4));
#1774 = LINE('',#1775,#1776);
#1775 = CARTESIAN_POINT('',(-16.5,-45.,36.4));
#1776 = VECTOR('',#1777,1.);
#1777 = DIRECTION('',(-1.,0.,0.));
#1778 = ORIENTED_EDGE('',*,*,#1779,.T.);
#1779 = EDGE_CURVE('',#1772,#1780,#1782,.T.);
#1780 = VERTEX_POINT('',#1781);
#1781 = CARTESIAN_POINT('',(35.5,-45.,16.4));
#1782 = LINE('',#1783,#1784);
#1783 = CARTESIAN_POINT('',(35.5,-45.,18.2));
#1784 = VECTOR('',#1785,1.);
#1785 = DIRECTION('',(0.,0.,-1.));
#1786 = ORIENTED_EDGE('',*,*,#1787,.T.);
#1787 = EDGE_CURVE('',#1780,#1788,#1790,.T.);
#1788 = VERTEX_POINT('',#1789);
#1789 = CARTESIAN_POINT('',(38.,-45.,16.4));
#1790 = LINE('',#1791,#1792);
#1791 = CARTESIAN_POINT('',(-17.75,-45.,16.4));
#1792 = VECTOR('',#1793,1.);
#1793 = DIRECTION('',(1.,0.,0.));
#1794 = ORIENTED_EDGE('',*,*,#1795,.T.);
#1795 = EDGE_CURVE('',#1788,#1770,#1796,.T.);
#1796 = LINE('',#1797,#1798);
#1797 = CARTESIAN_POINT('',(38.,-45.,8.2));
#1798 = VECTOR('',#1799,1.);
#1799 = DIRECTION('',(0.,0.,1.));
#1800 = FACE_BOUND('',#1801,.F.);
#1801 = EDGE_LOOP('',(#1802,#1812,#1820,#1828));
#1802 = ORIENTED_EDGE('',*,*,#1803,.F.);
#1803 = EDGE_CURVE('',#1804,#1806,#1808,.T.);
#1804 = VERTEX_POINT('',#1805);
#1805 = CARTESIAN_POINT('',(42.5,-45.,36.4));
#1806 = VERTEX_POINT('',#1807);
#1807 = CARTESIAN_POINT('',(42.5,-45.,16.4));
#1808 = LINE('',#1809,#1810);
#1809 = CARTESIAN_POINT('',(42.5,-45.,18.2));
#1810 = VECTOR('',#1811,1.);
#1811 = DIRECTION('',(0.,0.,-1.));
#1812 = ORIENTED_EDGE('',*,*,#1813,.F.);
#1813 = EDGE_CURVE('',#1814,#1804,#1816,.T.);
#1814 = VERTEX_POINT('',#1815);
#1815 = CARTESIAN_POINT('',(40.,-45.,36.4));
#1816 = LINE('',#1817,#1818);
#1817 = CARTESIAN_POINT('',(-15.5,-45.,36.4));
#1818 = VECTOR('',#1819,1.);
#1819 = DIRECTION('',(1.,0.,0.));
#1820 = ORIENTED_EDGE('',*,*,#1821,.F.);
#1821 = EDGE_CURVE('',#1822,#1814,#1824,.T.);
#1822 = VERTEX_POINT('',#1823);
#1823 = CARTESIAN_POINT('',(40.,-45.,16.4));
#1824 = LINE('',#1825,#1826);
#1825 = CARTESIAN_POINT('',(40.,-45.,8.2));
#1826 = VECTOR('',#1827,1.);
#1827 = DIRECTION('',(0.,0.,1.));
#1828 = ORIENTED_EDGE('',*,*,#1829,.F.);
#1829 = EDGE_CURVE('',#1806,#1822,#1830,.T.);
#1830 = LINE('',#1831,#1832);
#1831 = CARTESIAN_POINT('',(-14.25,-45.,16.4));
#1832 = VECTOR('',#1833,1.);
#1833 = DIRECTION('',(-1.,0.,0.));
#1834 = PLANE('',#1835);
#1835 = AXIS2_PLACEMENT_3D('',#1836,#1837,#1838);
#1836 = CARTESIAN_POINT('',(-71.,-45.,0.));
#1837 = DIRECTION('',(0.,1.,0.));
#1838 = DIRECTION('',(1.,0.,0.));
#1839 = ADVANCED_FACE('',(#1840),#1852,.T.);
#1840 = FACE_BOUND('',#1841,.F.);
#1841 = EDGE_LOOP('',(#1842,#1843,#1844,#1845));
#1842 = ORIENTED_EDGE('',*,*,#1685,.T.);
#1843 = ORIENTED_EDGE('',*,*,#160,.T.);
#1844 = ORIENTED_EDGE('',*,*,#1523,.F.);
#1845 = ORIENTED_EDGE('',*,*,#1846,.F.);
#1846 = EDGE_CURVE('',#1686,#1524,#1847,.T.);
#1847 = CIRCLE('',#1848,4.);
#1848 = AXIS2_PLACEMENT_3D('',#1849,#1850,#1851);
#1849 = CARTESIAN_POINT('',(46.,-41.,2.));
#1850 = DIRECTION('',(-0.,0.,1.));
#1851 = DIRECTION('',(0.,-1.,0.));
#1852 = CYLINDRICAL_SURFACE('',#1853,4.);
#1853 = AXIS2_PLACEMENT_3D('',#1854,#1855,#1856);
#1854 = CARTESIAN_POINT('',(46.,-41.,0.));
#1855 = DIRECTION('',(-0.,-0.,-1.));
#1856 = DIRECTION('',(1.,0.,0.));
#1857 = ADVANCED_FACE('',(#1858),#1877,.F.);
#1858 = FACE_BOUND('',#1859,.T.);
#1859 = EDGE_LOOP('',(#1860,#1868,#1869,#1870));
#1860 = ORIENTED_EDGE('',*,*,#1861,.F.);
#1861 = EDGE_CURVE('',#278,#1862,#1864,.T.);
#1862 = VERTEX_POINT('',#1863);
#1863 = CARTESIAN_POINT('',(-69.625,-41.,43.4));
#1864 = LINE('',#1865,#1866);
#1865 = CARTESIAN_POINT('',(-69.625,-41.,56.4));
#1866 = VECTOR('',#1867,1.);
#1867 = DIRECTION('',(-7.E-17,0.,-1.));
#1868 = ORIENTED_EDGE('',*,*,#277,.T.);
#1869 = ORIENTED_EDGE('',*,*,#1861,.T.);
#1870 = ORIENTED_EDGE('',*,*,#1871,.F.);
#1871 = EDGE_CURVE('',#1862,#1862,#1872,.T.);
#1872 = CIRCLE('',#1873,1.375);
#1873 = AXIS2_PLACEMENT_3D('',#1874,#1875,#1876);
#1874 = CARTESIAN_POINT('',(-71.,-41.,43.4));
#1875 = DIRECTION('',(0.,0.,1.));
#1876 = DIRECTION('',(1.,0.,0.));
#1877 = CYLINDRICAL_SURFACE('',#1878,1.375);
#1878 = AXIS2_PLACEMENT_3D('',#1879,#1880,#1881);
#1879 = CARTESIAN_POINT('',(-71.,-41.,56.4));
#1880 = DIRECTION('',(-0.,-0.,-1.));
#1881 = DIRECTION('',(1.,0.,0.));
#1882 = ADVANCED_FACE('',(#1883),#1902,.F.);
#1883 = FACE_BOUND('',#1884,.T.);
#1884 = EDGE_LOOP('',(#1885,#1893,#1894,#1895));
#1885 = ORIENTED_EDGE('',*,*,#1886,.F.);
#1886 = EDGE_CURVE('',#289,#1887,#1889,.T.);
#1887 = VERTEX_POINT('',#1888);
#1888 = CARTESIAN_POINT('',(47.375,-41.,43.4));
#1889 = LINE('',#1890,#1891);
#1890 = CARTESIAN_POINT('',(47.375,-41.,56.4));
#1891 = VECTOR('',#1892,1.);
#1892 = DIRECTION('',(-7.E-17,0.,-1.));
#1893 = ORIENTED_EDGE('',*,*,#288,.T.);
#1894 = ORIENTED_EDGE('',*,*,#1886,.T.);
#1895 = ORIENTED_EDGE('',*,*,#1896,.F.);
#1896 = EDGE_CURVE('',#1887,#1887,#1897,.T.);
#1897 = CIRCLE('',#1898,1.375);
#1898 = AXIS2_PLACEMENT_3D('',#1899,#1900,#1901);
#1899 = CARTESIAN_POINT('',(46.,-41.,43.4));
#1900 = DIRECTION('',(0.,0.,1.));
#1901 = DIRECTION('',(1.,0.,0.));
#1902 = CYLINDRICAL_SURFACE('',#1903,1.375);
#1903 = AXIS2_PLACEMENT_3D('',#1904,#1905,#1906);
#1904 = CARTESIAN_POINT('',(46.,-41.,56.4));
#1905 = DIRECTION('',(-0.,-0.,-1.));
#1906 = DIRECTION('',(1.,0.,0.));
#1907 = ADVANCED_FACE('',(#1908),#1927,.F.);
#1908 = FACE_BOUND('',#1909,.T.);
#1909 = EDGE_LOOP('',(#1910,#1918,#1919,#1920));
#1910 = ORIENTED_EDGE('',*,*,#1911,.F.);
#1911 = EDGE_CURVE('',#300,#1912,#1914,.T.);
#1912 = VERTEX_POINT('',#1913);
#1913 = CARTESIAN_POINT('',(-69.625,41.,43.4));
#1914 = LINE('',#1915,#1916);
#1915 = CARTESIAN_POINT('',(-69.625,41.,56.4));
#1916 = VECTOR('',#1917,1.);
#1917 = DIRECTION('',(-7.E-17,0.,-1.));
#1918 = ORIENTED_EDGE('',*,*,#299,.T.);
#1919 = ORIENTED_EDGE('',*,*,#1911,.T.);
#1920 = ORIENTED_EDGE('',*,*,#1921,.F.);
#1921 = EDGE_CURVE('',#1912,#1912,#1922,.T.);
#1922 = CIRCLE('',#1923,1.375);
#1923 = AXIS2_PLACEMENT_3D('',#1924,#1925,#1926);
#1924 = CARTESIAN_POINT('',(-71.,41.,43.4));
#1925 = DIRECTION('',(0.,0.,1.));
#1926 = DIRECTION('',(1.,0.,0.));
#1927 = CYLINDRICAL_SURFACE('',#1928,1.375);
#1928 = AXIS2_PLACEMENT_3D('',#1929,#1930,#1931);
#1929 = CARTESIAN_POINT('',(-71.,41.,56.4));
#1930 = DIRECTION('',(-0.,-0.,-1.));
#1931 = DIRECTION('',(1.,0.,0.));
#1932 = ADVANCED_FACE('',(#1933),#1952,.F.);
#1933 = FACE_BOUND('',#1934,.T.);
#1934 = EDGE_LOOP('',(#1935,#1943,#1944,#1945));
#1935 = ORIENTED_EDGE('',*,*,#1936,.F.);
#1936 = EDGE_CURVE('',#311,#1937,#1939,.T.);
#1937 = VERTEX_POINT('',#1938);
#1938 = CARTESIAN_POINT('',(47.375,41.,43.4));
#1939 = LINE('',#1940,#1941);
#1940 = CARTESIAN_POINT('',(47.375,41.,56.4));
#1941 = VECTOR('',#1942,1.);
#1942 = DIRECTION('',(-7.E-17,0.,-1.));
#1943 = ORIENTED_EDGE('',*,*,#310,.T.);
#1944 = ORIENTED_EDGE('',*,*,#1936,.T.);
#1945 = ORIENTED_EDGE('',*,*,#1946,.F.);
#1946 = EDGE_CURVE('',#1937,#1937,#1947,.T.);
#1947 = CIRCLE('',#1948,1.375);
#1948 = AXIS2_PLACEMENT_3D('',#1949,#1950,#1951);
#1949 = CARTESIAN_POINT('',(46.,41.,43.4));
#1950 = DIRECTION('',(0.,0.,1.));
#1951 = DIRECTION('',(1.,0.,0.));
#1952 = CYLINDRICAL_SURFACE('',#1953,1.375);
#1953 = AXIS2_PLACEMENT_3D('',#1954,#1955,#1956);
#1954 = CARTESIAN_POINT('',(46.,41.,56.4));
#1955 = DIRECTION('',(-0.,-0.,-1.));
#1956 = DIRECTION('',(1.,0.,0.));
#1957 = ADVANCED_FACE('',(#1958),#1972,.F.);
#1958 = FACE_BOUND('',#1959,.F.);
#1959 = EDGE_LOOP('',(#1960,#1961,#1962,#1969,#1970,#1971));
#1960 = ORIENTED_EDGE('',*,*,#336,.F.);
#1961 = ORIENTED_EDGE('',*,*,#425,.T.);
#1962 = ORIENTED_EDGE('',*,*,#1963,.T.);
#1963 = EDGE_CURVE('',#386,#723,#1964,.T.);
#1964 = CIRCLE('',#1965,0.6);
#1965 = AXIS2_PLACEMENT_3D('',#1966,#1967,#1968);
#1966 = CARTESIAN_POINT('',(46.,41.,41.4));
#1967 = DIRECTION('',(0.,0.,1.));
#1968 = DIRECTION('',(1.,0.,0.));
#1969 = ORIENTED_EDGE('',*,*,#730,.F.);
#1970 = ORIENTED_EDGE('',*,*,#577,.F.);
#1971 = ORIENTED_EDGE('',*,*,#367,.F.);
#1972 = PLANE('',#1973);
#1973 = AXIS2_PLACEMENT_3D('',#1974,#1975,#1976);
#1974 = CARTESIAN_POINT('',(-12.50000000031,-9.26490948E-09,41.4));
#1975 = DIRECTION('',(0.,0.,1.));
#1976 = DIRECTION('',(1.,0.,0.));
#1977 = ADVANCED_FACE('',(#1978),#1990,.F.);
#1978 = FACE_BOUND('',#1979,.T.);
#1979 = EDGE_LOOP('',(#1980,#1981,#1988,#1989));
#1980 = ORIENTED_EDGE('',*,*,#722,.F.);
#1981 = ORIENTED_EDGE('',*,*,#1982,.T.);
#1982 = EDGE_CURVE('',#715,#384,#1983,.T.);
#1983 = CIRCLE('',#1984,0.6);
#1984 = AXIS2_PLACEMENT_3D('',#1985,#1986,#1987);
#1985 = CARTESIAN_POINT('',(46.,41.,3.4));
#1986 = DIRECTION('',(0.,0.,-1.));
#1987 = DIRECTION('',(1.,0.,0.));
#1988 = ORIENTED_EDGE('',*,*,#383,.T.);
#1989 = ORIENTED_EDGE('',*,*,#1963,.T.);
#1990 = CYLINDRICAL_SURFACE('',#1991,0.6);
#1991 = AXIS2_PLACEMENT_3D('',#1992,#1993,#1994);
#1992 = CARTESIAN_POINT('',(46.,41.,0.));
#1993 = DIRECTION('',(-0.,-0.,-1.));
#1994 = DIRECTION('',(1.,0.,0.));
#1995 = ADVANCED_FACE('',(#1996),#2010,.F.);
#1996 = FACE_BOUND('',#1997,.F.);
#1997 = EDGE_LOOP('',(#1998,#1999,#2000,#2001,#2002,#2009));
#1998 = ORIENTED_EDGE('',*,*,#601,.T.);
#1999 = ORIENTED_EDGE('',*,*,#795,.F.);
#2000 = ORIENTED_EDGE('',*,*,#844,.T.);
#2001 = ORIENTED_EDGE('',*,*,#959,.T.);
#2002 = ORIENTED_EDGE('',*,*,#2003,.T.);
#2003 = EDGE_CURVE('',#960,#402,#2004,.T.);
#2004 = CIRCLE('',#2005,0.6);
#2005 = AXIS2_PLACEMENT_3D('',#2006,#2007,#2008);
#2006 = CARTESIAN_POINT('',(46.,-41.,41.4));
#2007 = DIRECTION('',(0.,0.,1.));
#2008 = DIRECTION('',(1.,0.,0.));
#2009 = ORIENTED_EDGE('',*,*,#409,.F.);
#2010 = PLANE('',#2011);
#2011 = AXIS2_PLACEMENT_3D('',#2012,#2013,#2014);
#2012 = CARTESIAN_POINT('',(-12.50000000031,-9.26490948E-09,41.4));
#2013 = DIRECTION('',(0.,0.,1.));
#2014 = DIRECTION('',(1.,0.,0.));
#2015 = ADVANCED_FACE('',(#2016),#2028,.F.);
#2016 = FACE_BOUND('',#2017,.T.);
#2017 = EDGE_LOOP('',(#2018,#2019,#2026,#2027));
#2018 = ORIENTED_EDGE('',*,*,#401,.F.);
#2019 = ORIENTED_EDGE('',*,*,#2020,.T.);
#2020 = EDGE_CURVE('',#394,#968,#2021,.T.);
#2021 = CIRCLE('',#2022,0.6);
#2022 = AXIS2_PLACEMENT_3D('',#2023,#2024,#2025);
#2023 = CARTESIAN_POINT('',(46.,-41.,3.4));
#2024 = DIRECTION('',(0.,0.,-1.));
#2025 = DIRECTION('',(1.,0.,0.));
#2026 = ORIENTED_EDGE('',*,*,#967,.T.);
#2027 = ORIENTED_EDGE('',*,*,#2003,.T.);
#2028 = CYLINDRICAL_SURFACE('',#2029,0.6);
#2029 = AXIS2_PLACEMENT_3D('',#2030,#2031,#2032);
#2030 = CARTESIAN_POINT('',(46.,-41.,0.));
#2031 = DIRECTION('',(-0.,-0.,-1.));
#2032 = DIRECTION('',(1.,0.,0.));
#2033 = ADVANCED_FACE('',(#2034,#2248,#2282),#2316,.T.);
#2034 = FACE_BOUND('',#2035,.T.);
#2035 = EDGE_LOOP('',(#2036,#2046,#2054,#2062,#2070,#2078,#2084,#2085,
    #2093,#2102,#2110,#2119,#2125,#2126,#2133,#2134,#2141,#2142,#2150,
    #2159,#2167,#2176,#2182,#2183,#2191,#2199,#2207,#2215,#2223,#2231,
    #2237,#2238,#2239,#2240,#2241,#2242));
#2036 = ORIENTED_EDGE('',*,*,#2037,.F.);
#2037 = EDGE_CURVE('',#2038,#2040,#2042,.T.);
#2038 = VERTEX_POINT('',#2039);
#2039 = CARTESIAN_POINT('',(20.2,32.6,3.4));
#2040 = VERTEX_POINT('',#2041);
#2041 = CARTESIAN_POINT('',(20.4,32.6,3.4));
#2042 = LINE('',#2043,#2044);
#2043 = CARTESIAN_POINT('',(19.2,32.6,3.4));
#2044 = VECTOR('',#2045,1.);
#2045 = DIRECTION('',(1.,0.,0.));
#2046 = ORIENTED_EDGE('',*,*,#2047,.T.);
#2047 = EDGE_CURVE('',#2038,#2048,#2050,.T.);
#2048 = VERTEX_POINT('',#2049);
#2049 = CARTESIAN_POINT('',(19.2,33.6,3.4));
#2050 = LINE('',#2051,#2052);
#2051 = CARTESIAN_POINT('',(21.752474403265,31.047525596735,3.4));
#2052 = VECTOR('',#2053,1.);
#2053 = DIRECTION('',(-0.707106781187,0.707106781187,0.));
#2054 = ORIENTED_EDGE('',*,*,#2055,.T.);
#2055 = EDGE_CURVE('',#2048,#2056,#2058,.T.);
#2056 = VERTEX_POINT('',#2057);
#2057 = CARTESIAN_POINT('',(17.,33.6,3.4));
#2058 = LINE('',#2059,#2060);
#2059 = CARTESIAN_POINT('',(19.2,33.6,3.4));
#2060 = VECTOR('',#2061,1.);
#2061 = DIRECTION('',(-1.,3.876E-14,0.));
#2062 = ORIENTED_EDGE('',*,*,#2063,.T.);
#2063 = EDGE_CURVE('',#2056,#2064,#2066,.T.);
#2064 = VERTEX_POINT('',#2065);
#2065 = CARTESIAN_POINT('',(16.,32.6,3.4));
#2066 = LINE('',#2067,#2068);
#2067 = CARTESIAN_POINT('',(2.201253200172,18.801253200172,3.4));
#2068 = VECTOR('',#2069,1.);
#2069 = DIRECTION('',(-0.707106781187,-0.707106781187,0.));
#2070 = ORIENTED_EDGE('',*,*,#2071,.F.);
#2071 = EDGE_CURVE('',#2072,#2064,#2074,.T.);
#2072 = VERTEX_POINT('',#2073);
#2073 = CARTESIAN_POINT('',(15.8,32.6,3.4));
#2074 = LINE('',#2075,#2076);
#2075 = CARTESIAN_POINT('',(15.8,32.6,3.4));
#2076 = VECTOR('',#2077,1.);
#2077 = DIRECTION('',(1.,0.,0.));
#2078 = ORIENTED_EDGE('',*,*,#2079,.T.);
#2079 = EDGE_CURVE('',#2072,#651,#2080,.T.);
#2080 = LINE('',#2081,#2082);
#2081 = CARTESIAN_POINT('',(15.8,-41.6,3.4));
#2082 = VECTOR('',#2083,1.);
#2083 = DIRECTION('',(0.,1.,-2.2E-16));
#2084 = ORIENTED_EDGE('',*,*,#650,.T.);
#2085 = ORIENTED_EDGE('',*,*,#2086,.T.);
#2086 = EDGE_CURVE('',#643,#2087,#2089,.T.);
#2087 = VERTEX_POINT('',#2088);
#2088 = CARTESIAN_POINT('',(4.,14.5,3.4));
#2089 = LINE('',#2090,#2091);
#2090 = CARTESIAN_POINT('',(4.,42.,3.4));
#2091 = VECTOR('',#2092,1.);
#2092 = DIRECTION('',(0.,-1.,0.));
#2093 = ORIENTED_EDGE('',*,*,#2094,.F.);
#2094 = EDGE_CURVE('',#2095,#2087,#2097,.T.);
#2095 = VERTEX_POINT('',#2096);
#2096 = CARTESIAN_POINT('',(3.,13.5,3.4));
#2097 = CIRCLE('',#2098,1.);
#2098 = AXIS2_PLACEMENT_3D('',#2099,#2100,#2101);
#2099 = CARTESIAN_POINT('',(3.,14.5,3.4));
#2100 = DIRECTION('',(0.,-0.,1.));
#2101 = DIRECTION('',(0.,1.,0.));
#2102 = ORIENTED_EDGE('',*,*,#2103,.T.);
#2103 = EDGE_CURVE('',#2095,#2104,#2106,.T.);
#2104 = VERTEX_POINT('',#2105);
#2105 = CARTESIAN_POINT('',(2.,13.5,3.4));
#2106 = LINE('',#2107,#2108);
#2107 = CARTESIAN_POINT('',(4.,13.5,3.4));
#2108 = VECTOR('',#2109,1.);
#2109 = DIRECTION('',(-1.,-0.,-0.));
#2110 = ORIENTED_EDGE('',*,*,#2111,.F.);
#2111 = EDGE_CURVE('',#2112,#2104,#2114,.T.);
#2112 = VERTEX_POINT('',#2113);
#2113 = CARTESIAN_POINT('',(1.,14.5,3.4));
#2114 = CIRCLE('',#2115,1.);
#2115 = AXIS2_PLACEMENT_3D('',#2116,#2117,#2118);
#2116 = CARTESIAN_POINT('',(2.,14.5,3.4));
#2117 = DIRECTION('',(-0.,0.,1.));
#2118 = DIRECTION('',(0.,-1.,0.));
#2119 = ORIENTED_EDGE('',*,*,#2120,.T.);
#2120 = EDGE_CURVE('',#2112,#763,#2121,.T.);
#2121 = LINE('',#2122,#2123);
#2122 = CARTESIAN_POINT('',(1.,-42.,3.4));
#2123 = VECTOR('',#2124,1.);
#2124 = DIRECTION('',(0.,1.,0.));
#2125 = ORIENTED_EDGE('',*,*,#762,.T.);
#2126 = ORIENTED_EDGE('',*,*,#2127,.F.);
#2127 = EDGE_CURVE('',#1224,#755,#2128,.T.);
#2128 = CIRCLE('',#2129,0.6);
#2129 = AXIS2_PLACEMENT_3D('',#2130,#2131,#2132);
#2130 = CARTESIAN_POINT('',(-71.,41.,3.4));
#2131 = DIRECTION('',(0.,0.,-1.));
#2132 = DIRECTION('',(1.,0.,0.));
#2133 = ORIENTED_EDGE('',*,*,#1223,.T.);
#2134 = ORIENTED_EDGE('',*,*,#2135,.F.);
#2135 = EDGE_CURVE('',#928,#1214,#2136,.T.);
#2136 = CIRCLE('',#2137,0.6);
#2137 = AXIS2_PLACEMENT_3D('',#2138,#2139,#2140);
#2138 = CARTESIAN_POINT('',(-71.,-41.,3.4));
#2139 = DIRECTION('',(0.,0.,-1.));
#2140 = DIRECTION('',(1.,0.,0.));
#2141 = ORIENTED_EDGE('',*,*,#927,.T.);
#2142 = ORIENTED_EDGE('',*,*,#2143,.T.);
#2143 = EDGE_CURVE('',#920,#2144,#2146,.T.);
#2144 = VERTEX_POINT('',#2145);
#2145 = CARTESIAN_POINT('',(1.,-14.5,3.4));
#2146 = LINE('',#2147,#2148);
#2147 = CARTESIAN_POINT('',(1.,-42.,3.4));
#2148 = VECTOR('',#2149,1.);
#2149 = DIRECTION('',(0.,1.,0.));
#2150 = ORIENTED_EDGE('',*,*,#2151,.F.);
#2151 = EDGE_CURVE('',#2152,#2144,#2154,.T.);
#2152 = VERTEX_POINT('',#2153);
#2153 = CARTESIAN_POINT('',(2.,-13.5,3.4));
#2154 = CIRCLE('',#2155,1.);
#2155 = AXIS2_PLACEMENT_3D('',#2156,#2157,#2158);
#2156 = CARTESIAN_POINT('',(2.,-14.5,3.4));
#2157 = DIRECTION('',(0.,-0.,1.));
#2158 = DIRECTION('',(0.,1.,0.));
#2159 = ORIENTED_EDGE('',*,*,#2160,.F.);
#2160 = EDGE_CURVE('',#2161,#2152,#2163,.T.);
#2161 = VERTEX_POINT('',#2162);
#2162 = CARTESIAN_POINT('',(3.,-13.5,3.4));
#2163 = LINE('',#2164,#2165);
#2164 = CARTESIAN_POINT('',(4.,-13.5,3.4));
#2165 = VECTOR('',#2166,1.);
#2166 = DIRECTION('',(-1.,-0.,-0.));
#2167 = ORIENTED_EDGE('',*,*,#2168,.T.);
#2168 = EDGE_CURVE('',#2161,#2169,#2171,.T.);
#2169 = VERTEX_POINT('',#2170);
#2170 = CARTESIAN_POINT('',(4.,-14.5,3.4));
#2171 = CIRCLE('',#2172,1.);
#2172 = AXIS2_PLACEMENT_3D('',#2173,#2174,#2175);
#2173 = CARTESIAN_POINT('',(3.,-14.5,3.4));
#2174 = DIRECTION('',(-0.,-0.,-1.));
#2175 = DIRECTION('',(0.,-1.,0.));
#2176 = ORIENTED_EDGE('',*,*,#2177,.T.);
#2177 = EDGE_CURVE('',#2169,#1008,#2178,.T.);
#2178 = LINE('',#2179,#2180);
#2179 = CARTESIAN_POINT('',(4.,42.,3.4));
#2180 = VECTOR('',#2181,1.);
#2181 = DIRECTION('',(0.,-1.,0.));
#2182 = ORIENTED_EDGE('',*,*,#1007,.T.);
#2183 = ORIENTED_EDGE('',*,*,#2184,.T.);
#2184 = EDGE_CURVE('',#1000,#2185,#2187,.T.);
#2185 = VERTEX_POINT('',#2186);
#2186 = CARTESIAN_POINT('',(15.8,-30.6,3.4));
#2187 = LINE('',#2188,#2189);
#2188 = CARTESIAN_POINT('',(15.8,-41.6,3.4));
#2189 = VECTOR('',#2190,1.);
#2190 = DIRECTION('',(0.,1.,-2.2E-16));
#2191 = ORIENTED_EDGE('',*,*,#2192,.F.);
#2192 = EDGE_CURVE('',#2193,#2185,#2195,.T.);
#2193 = VERTEX_POINT('',#2194);
#2194 = CARTESIAN_POINT('',(16.,-30.6,3.4));
#2195 = LINE('',#2196,#2197);
#2196 = CARTESIAN_POINT('',(17.,-30.6,3.4));
#2197 = VECTOR('',#2198,1.);
#2198 = DIRECTION('',(-1.,-2.96E-15,0.));
#2199 = ORIENTED_EDGE('',*,*,#2200,.F.);
#2200 = EDGE_CURVE('',#2201,#2193,#2203,.T.);
#2201 = VERTEX_POINT('',#2202);
#2202 = CARTESIAN_POINT('',(17.,-31.6,3.4));
#2203 = LINE('',#2204,#2205);
#2204 = CARTESIAN_POINT('',(2.813140909385,-17.41314090938,3.4));
#2205 = VECTOR('',#2206,1.);
#2206 = DIRECTION('',(-0.707106781187,0.707106781187,0.));
#2207 = ORIENTED_EDGE('',*,*,#2208,.T.);
#2208 = EDGE_CURVE('',#2201,#2209,#2211,.T.);
#2209 = VERTEX_POINT('',#2210);
#2210 = CARTESIAN_POINT('',(19.2,-31.6,3.4));
#2211 = LINE('',#2212,#2213);
#2212 = CARTESIAN_POINT('',(17.,-31.6,3.4));
#2213 = VECTOR('',#2214,1.);
#2214 = DIRECTION('',(1.,3.23E-15,0.));
#2215 = ORIENTED_EDGE('',*,*,#2216,.T.);
#2216 = EDGE_CURVE('',#2209,#2217,#2219,.T.);
#2217 = VERTEX_POINT('',#2218);
#2218 = CARTESIAN_POINT('',(20.2,-30.6,3.4));
#2219 = LINE('',#2220,#2221);
#2220 = CARTESIAN_POINT('',(21.0417289288,-29.7582710712,3.4));
#2221 = VECTOR('',#2222,1.);
#2222 = DIRECTION('',(0.707106781187,0.707106781187,0.));
#2223 = ORIENTED_EDGE('',*,*,#2224,.F.);
#2224 = EDGE_CURVE('',#2225,#2217,#2227,.T.);
#2225 = VERTEX_POINT('',#2226);
#2226 = CARTESIAN_POINT('',(20.4,-30.6,3.4));
#2227 = LINE('',#2228,#2229);
#2228 = CARTESIAN_POINT('',(20.4,-30.6,3.4));
#2229 = VECTOR('',#2230,1.);
#2230 = DIRECTION('',(-1.,0.,0.));
#2231 = ORIENTED_EDGE('',*,*,#2232,.T.);
#2232 = EDGE_CURVE('',#2225,#976,#2233,.T.);
#2233 = LINE('',#2234,#2235);
#2234 = CARTESIAN_POINT('',(20.4,41.6,3.4));
#2235 = VECTOR('',#2236,1.);
#2236 = DIRECTION('',(0.,-1.,2.2E-16));
#2237 = ORIENTED_EDGE('',*,*,#975,.T.);
#2238 = ORIENTED_EDGE('',*,*,#2020,.F.);
#2239 = ORIENTED_EDGE('',*,*,#393,.T.);
#2240 = ORIENTED_EDGE('',*,*,#1982,.F.);
#2241 = ORIENTED_EDGE('',*,*,#714,.T.);
#2242 = ORIENTED_EDGE('',*,*,#2243,.T.);
#2243 = EDGE_CURVE('',#707,#2040,#2244,.T.);
#2244 = LINE('',#2245,#2246);
#2245 = CARTESIAN_POINT('',(20.4,41.6,3.4));
#2246 = VECTOR('',#2247,1.);
#2247 = DIRECTION('',(0.,-1.,2.2E-16));
#2248 = FACE_BOUND('',#2249,.T.);
#2249 = EDGE_LOOP('',(#2250,#2260,#2268,#2276));
#2250 = ORIENTED_EDGE('',*,*,#2251,.T.);
#2251 = EDGE_CURVE('',#2252,#2254,#2256,.T.);
#2252 = VERTEX_POINT('',#2253);
#2253 = CARTESIAN_POINT('',(-57.,-16.,3.4));
#2254 = VERTEX_POINT('',#2255);
#2255 = CARTESIAN_POINT('',(-59.,-16.,3.4));
#2256 = LINE('',#2257,#2258);
#2257 = CARTESIAN_POINT('',(-34.11032729378,-16.,3.4));
#2258 = VECTOR('',#2259,1.);
#2259 = DIRECTION('',(-1.,0.,0.));
#2260 = ORIENTED_EDGE('',*,*,#2261,.T.);
#2261 = EDGE_CURVE('',#2254,#2262,#2264,.T.);
#2262 = VERTEX_POINT('',#2263);
#2263 = CARTESIAN_POINT('',(-59.,16.,3.4));
#2264 = LINE('',#2265,#2266);
#2265 = CARTESIAN_POINT('',(-59.,8.,3.4));
#2266 = VECTOR('',#2267,1.);
#2267 = DIRECTION('',(0.,1.,0.));
#2268 = ORIENTED_EDGE('',*,*,#2269,.T.);
#2269 = EDGE_CURVE('',#2262,#2270,#2272,.T.);
#2270 = VERTEX_POINT('',#2271);
#2271 = CARTESIAN_POINT('',(-57.,16.,3.4));
#2272 = LINE('',#2273,#2274);
#2273 = CARTESIAN_POINT('',(-33.11032729378,16.,3.4));
#2274 = VECTOR('',#2275,1.);
#2275 = DIRECTION('',(1.,0.,0.));
#2276 = ORIENTED_EDGE('',*,*,#2277,.T.);
#2277 = EDGE_CURVE('',#2270,#2252,#2278,.T.);
#2278 = LINE('',#2279,#2280);
#2279 = CARTESIAN_POINT('',(-57.,-8.,3.4));
#2280 = VECTOR('',#2281,1.);
#2281 = DIRECTION('',(0.,-1.,0.));
#2282 = FACE_BOUND('',#2283,.T.);
#2283 = EDGE_LOOP('',(#2284,#2294,#2302,#2310));
#2284 = ORIENTED_EDGE('',*,*,#2285,.T.);
#2285 = EDGE_CURVE('',#2286,#2288,#2290,.T.);
#2286 = VERTEX_POINT('',#2287);
#2287 = CARTESIAN_POINT('',(-9.,-16.,3.4));
#2288 = VERTEX_POINT('',#2289);
#2289 = CARTESIAN_POINT('',(-11.,-16.,3.4));
#2290 = LINE('',#2291,#2292);
#2291 = CARTESIAN_POINT('',(-10.11032729378,-16.,3.4));
#2292 = VECTOR('',#2293,1.);
#2293 = DIRECTION('',(-1.,0.,0.));
#2294 = ORIENTED_EDGE('',*,*,#2295,.T.);
#2295 = EDGE_CURVE('',#2288,#2296,#2298,.T.);
#2296 = VERTEX_POINT('',#2297);
#2297 = CARTESIAN_POINT('',(-11.,16.,3.4));
#2298 = LINE('',#2299,#2300);
#2299 = CARTESIAN_POINT('',(-11.,8.,3.4));
#2300 = VECTOR('',#2301,1.);
#2301 = DIRECTION('',(0.,1.,0.));
#2302 = ORIENTED_EDGE('',*,*,#2303,.T.);
#2303 = EDGE_CURVE('',#2296,#2304,#2306,.T.);
#2304 = VERTEX_POINT('',#2305);
#2305 = CARTESIAN_POINT('',(-9.,16.,3.4));
#2306 = LINE('',#2307,#2308);
#2307 = CARTESIAN_POINT('',(-9.110327293783,16.,3.4));
#2308 = VECTOR('',#2309,1.);
#2309 = DIRECTION('',(1.,0.,0.));
#2310 = ORIENTED_EDGE('',*,*,#2311,.T.);
#2311 = EDGE_CURVE('',#2304,#2286,#2312,.T.);
#2312 = LINE('',#2313,#2314);
#2313 = CARTESIAN_POINT('',(-9.,-8.,3.4));
#2314 = VECTOR('',#2315,1.);
#2315 = DIRECTION('',(0.,-1.,0.));
#2316 = PLANE('',#2317);
#2317 = AXIS2_PLACEMENT_3D('',#2318,#2319,#2320);
#2318 = CARTESIAN_POINT('',(-5.611593335871,-0.421490948931,3.4));
#2319 = DIRECTION('',(0.,0.,1.));
#2320 = DIRECTION('',(1.,0.,0.));
#2321 = ADVANCED_FACE('',(#2322),#2338,.F.);
#2322 = FACE_BOUND('',#2323,.F.);
#2323 = EDGE_LOOP('',(#2324,#2325,#2331,#2332));
#2324 = ORIENTED_EDGE('',*,*,#433,.F.);
#2325 = ORIENTED_EDGE('',*,*,#2326,.T.);
#2326 = EDGE_CURVE('',#434,#1542,#2327,.T.);
#2327 = LINE('',#2328,#2329);
#2328 = CARTESIAN_POINT('',(46.6,-33.,16.4));
#2329 = VECTOR('',#2330,1.);
#2330 = DIRECTION('',(1.,0.,0.));
#2331 = ORIENTED_EDGE('',*,*,#1541,.T.);
#2332 = ORIENTED_EDGE('',*,*,#2333,.F.);
#2333 = EDGE_CURVE('',#436,#1544,#2334,.T.);
#2334 = LINE('',#2335,#2336);
#2335 = CARTESIAN_POINT('',(46.6,-33.,36.4));
#2336 = VECTOR('',#2337,1.);
#2337 = DIRECTION('',(1.,0.,0.));
#2338 = PLANE('',#2339);
#2339 = AXIS2_PLACEMENT_3D('',#2340,#2341,#2342);
#2340 = CARTESIAN_POINT('',(46.6,-33.,16.4));
#2341 = DIRECTION('',(0.,-1.,0.));
#2342 = DIRECTION('',(0.,0.,1.));
#2343 = ADVANCED_FACE('',(#2344),#2355,.F.);
#2344 = FACE_BOUND('',#2345,.F.);
#2345 = EDGE_LOOP('',(#2346,#2347,#2353,#2354));
#2346 = ORIENTED_EDGE('',*,*,#443,.F.);
#2347 = ORIENTED_EDGE('',*,*,#2348,.T.);
#2348 = EDGE_CURVE('',#444,#1552,#2349,.T.);
#2349 = LINE('',#2350,#2351);
#2350 = CARTESIAN_POINT('',(46.6,-30.5,16.4));
#2351 = VECTOR('',#2352,1.);
#2352 = DIRECTION('',(1.,0.,0.));
#2353 = ORIENTED_EDGE('',*,*,#1551,.T.);
#2354 = ORIENTED_EDGE('',*,*,#2326,.F.);
#2355 = PLANE('',#2356);
#2356 = AXIS2_PLACEMENT_3D('',#2357,#2358,#2359);
#2357 = CARTESIAN_POINT('',(46.6,-30.5,16.4));
#2358 = DIRECTION('',(0.,0.,-1.));
#2359 = DIRECTION('',(0.,-1.,0.));
#2360 = ADVANCED_FACE('',(#2361),#2372,.F.);
#2361 = FACE_BOUND('',#2362,.F.);
#2362 = EDGE_LOOP('',(#2363,#2364,#2365,#2366));
#2363 = ORIENTED_EDGE('',*,*,#459,.F.);
#2364 = ORIENTED_EDGE('',*,*,#2333,.T.);
#2365 = ORIENTED_EDGE('',*,*,#1567,.T.);
#2366 = ORIENTED_EDGE('',*,*,#2367,.F.);
#2367 = EDGE_CURVE('',#452,#1560,#2368,.T.);
#2368 = LINE('',#2369,#2370);
#2369 = CARTESIAN_POINT('',(46.6,-30.5,36.4));
#2370 = VECTOR('',#2371,1.);
#2371 = DIRECTION('',(1.,0.,0.));
#2372 = PLANE('',#2373);
#2373 = AXIS2_PLACEMENT_3D('',#2374,#2375,#2376);
#2374 = CARTESIAN_POINT('',(46.6,-33.,36.4));
#2375 = DIRECTION('',(0.,0.,1.));
#2376 = DIRECTION('',(0.,1.,0.));
#2377 = ADVANCED_FACE('',(#2378),#2384,.F.);
#2378 = FACE_BOUND('',#2379,.F.);
#2379 = EDGE_LOOP('',(#2380,#2381,#2382,#2383));
#2380 = ORIENTED_EDGE('',*,*,#451,.F.);
#2381 = ORIENTED_EDGE('',*,*,#2367,.T.);
#2382 = ORIENTED_EDGE('',*,*,#1559,.T.);
#2383 = ORIENTED_EDGE('',*,*,#2348,.F.);
#2384 = PLANE('',#2385);
#2385 = AXIS2_PLACEMENT_3D('',#2386,#2387,#2388);
#2386 = CARTESIAN_POINT('',(46.6,-30.5,36.4));
#2387 = DIRECTION('',(0.,1.,0.));
#2388 = DIRECTION('',(0.,0.,-1.));
#2389 = ADVANCED_FACE('',(#2390),#2406,.F.);
#2390 = FACE_BOUND('',#2391,.F.);
#2391 = EDGE_LOOP('',(#2392,#2393,#2399,#2400));
#2392 = ORIENTED_EDGE('',*,*,#467,.F.);
#2393 = ORIENTED_EDGE('',*,*,#2394,.T.);
#2394 = EDGE_CURVE('',#468,#1576,#2395,.T.);
#2395 = LINE('',#2396,#2397);
#2396 = CARTESIAN_POINT('',(46.6,-24.,16.4));
#2397 = VECTOR('',#2398,1.);
#2398 = DIRECTION('',(1.,0.,0.));
#2399 = ORIENTED_EDGE('',*,*,#1575,.T.);
#2400 = ORIENTED_EDGE('',*,*,#2401,.F.);
#2401 = EDGE_CURVE('',#470,#1578,#2402,.T.);
#2402 = LINE('',#2403,#2404);
#2403 = CARTESIAN_POINT('',(46.6,-24.,36.4));
#2404 = VECTOR('',#2405,1.);
#2405 = DIRECTION('',(1.,0.,0.));
#2406 = PLANE('',#2407);
#2407 = AXIS2_PLACEMENT_3D('',#2408,#2409,#2410);
#2408 = CARTESIAN_POINT('',(46.6,-24.,16.4));
#2409 = DIRECTION('',(0.,-1.,0.));
#2410 = DIRECTION('',(0.,0.,1.));
#2411 = ADVANCED_FACE('',(#2412),#2423,.F.);
#2412 = FACE_BOUND('',#2413,.F.);
#2413 = EDGE_LOOP('',(#2414,#2415,#2421,#2422));
#2414 = ORIENTED_EDGE('',*,*,#477,.F.);
#2415 = ORIENTED_EDGE('',*,*,#2416,.T.);
#2416 = EDGE_CURVE('',#478,#1586,#2417,.T.);
#2417 = LINE('',#2418,#2419);
#2418 = CARTESIAN_POINT('',(46.6,-21.5,16.4));
#2419 = VECTOR('',#2420,1.);
#2420 = DIRECTION('',(1.,0.,0.));
#2421 = ORIENTED_EDGE('',*,*,#1585,.T.);
#2422 = ORIENTED_EDGE('',*,*,#2394,.F.);
#2423 = PLANE('',#2424);
#2424 = AXIS2_PLACEMENT_3D('',#2425,#2426,#2427);
#2425 = CARTESIAN_POINT('',(46.6,-21.5,16.4));
#2426 = DIRECTION('',(0.,0.,-1.));
#2427 = DIRECTION('',(0.,-1.,0.));
#2428 = ADVANCED_FACE('',(#2429),#2440,.F.);
#2429 = FACE_BOUND('',#2430,.F.);
#2430 = EDGE_LOOP('',(#2431,#2432,#2433,#2434));
#2431 = ORIENTED_EDGE('',*,*,#493,.F.);
#2432 = ORIENTED_EDGE('',*,*,#2401,.T.);
#2433 = ORIENTED_EDGE('',*,*,#1601,.T.);
#2434 = ORIENTED_EDGE('',*,*,#2435,.F.);
#2435 = EDGE_CURVE('',#486,#1594,#2436,.T.);
#2436 = LINE('',#2437,#2438);
#2437 = CARTESIAN_POINT('',(46.6,-21.5,36.4));
#2438 = VECTOR('',#2439,1.);
#2439 = DIRECTION('',(1.,0.,0.));
#2440 = PLANE('',#2441);
#2441 = AXIS2_PLACEMENT_3D('',#2442,#2443,#2444);
#2442 = CARTESIAN_POINT('',(46.6,-24.,36.4));
#2443 = DIRECTION('',(0.,0.,1.));
#2444 = DIRECTION('',(0.,1.,0.));
#2445 = ADVANCED_FACE('',(#2446),#2452,.F.);
#2446 = FACE_BOUND('',#2447,.F.);
#2447 = EDGE_LOOP('',(#2448,#2449,#2450,#2451));
#2448 = ORIENTED_EDGE('',*,*,#485,.F.);
#2449 = ORIENTED_EDGE('',*,*,#2435,.T.);
#2450 = ORIENTED_EDGE('',*,*,#1593,.T.);
#2451 = ORIENTED_EDGE('',*,*,#2416,.F.);
#2452 = PLANE('',#2453);
#2453 = AXIS2_PLACEMENT_3D('',#2454,#2455,#2456);
#2454 = CARTESIAN_POINT('',(46.6,-21.5,36.4));
#2455 = DIRECTION('',(0.,1.,0.));
#2456 = DIRECTION('',(0.,0.,-1.));
#2457 = ADVANCED_FACE('',(#2458),#2474,.T.);
#2458 = FACE_BOUND('',#2459,.T.);
#2459 = EDGE_LOOP('',(#2460,#2461,#2467,#2468));
#2460 = ORIENTED_EDGE('',*,*,#501,.F.);
#2461 = ORIENTED_EDGE('',*,*,#2462,.T.);
#2462 = EDGE_CURVE('',#502,#1610,#2463,.T.);
#2463 = LINE('',#2464,#2465);
#2464 = CARTESIAN_POINT('',(46.6,-37.5,16.4));
#2465 = VECTOR('',#2466,1.);
#2466 = DIRECTION('',(1.,0.,0.));
#2467 = ORIENTED_EDGE('',*,*,#1609,.T.);
#2468 = ORIENTED_EDGE('',*,*,#2469,.F.);
#2469 = EDGE_CURVE('',#504,#1612,#2470,.T.);
#2470 = LINE('',#2471,#2472);
#2471 = CARTESIAN_POINT('',(46.6,-35.,16.4));
#2472 = VECTOR('',#2473,1.);
#2473 = DIRECTION('',(1.,0.,0.));
#2474 = PLANE('',#2475);
#2475 = AXIS2_PLACEMENT_3D('',#2476,#2477,#2478);
#2476 = CARTESIAN_POINT('',(46.6,-37.5,16.4));
#2477 = DIRECTION('',(0.,0.,1.));
#2478 = DIRECTION('',(0.,1.,0.));
#2479 = ADVANCED_FACE('',(#2480),#2491,.T.);
#2480 = FACE_BOUND('',#2481,.T.);
#2481 = EDGE_LOOP('',(#2482,#2483,#2489,#2490));
#2482 = ORIENTED_EDGE('',*,*,#527,.F.);
#2483 = ORIENTED_EDGE('',*,*,#2484,.T.);
#2484 = EDGE_CURVE('',#520,#1628,#2485,.T.);
#2485 = LINE('',#2486,#2487);
#2486 = CARTESIAN_POINT('',(46.6,-37.5,36.4));
#2487 = VECTOR('',#2488,1.);
#2488 = DIRECTION('',(1.,0.,0.));
#2489 = ORIENTED_EDGE('',*,*,#1635,.T.);
#2490 = ORIENTED_EDGE('',*,*,#2462,.F.);
#2491 = PLANE('',#2492);
#2492 = AXIS2_PLACEMENT_3D('',#2493,#2494,#2495);
#2493 = CARTESIAN_POINT('',(46.6,-37.5,36.4));
#2494 = DIRECTION('',(0.,1.,0.));
#2495 = DIRECTION('',(0.,0.,-1.));
#2496 = ADVANCED_FACE('',(#2497),#2508,.T.);
#2497 = FACE_BOUND('',#2498,.T.);
#2498 = EDGE_LOOP('',(#2499,#2500,#2501,#2502));
#2499 = ORIENTED_EDGE('',*,*,#511,.F.);
#2500 = ORIENTED_EDGE('',*,*,#2469,.T.);
#2501 = ORIENTED_EDGE('',*,*,#1619,.T.);
#2502 = ORIENTED_EDGE('',*,*,#2503,.F.);
#2503 = EDGE_CURVE('',#512,#1620,#2504,.T.);
#2504 = LINE('',#2505,#2506);
#2505 = CARTESIAN_POINT('',(46.6,-35.,36.4));
#2506 = VECTOR('',#2507,1.);
#2507 = DIRECTION('',(1.,0.,0.));
#2508 = PLANE('',#2509);
#2509 = AXIS2_PLACEMENT_3D('',#2510,#2511,#2512);
#2510 = CARTESIAN_POINT('',(46.6,-35.,16.4));
#2511 = DIRECTION('',(0.,-1.,0.));
#2512 = DIRECTION('',(0.,0.,1.));
#2513 = ADVANCED_FACE('',(#2514),#2520,.T.);
#2514 = FACE_BOUND('',#2515,.T.);
#2515 = EDGE_LOOP('',(#2516,#2517,#2518,#2519));
#2516 = ORIENTED_EDGE('',*,*,#519,.F.);
#2517 = ORIENTED_EDGE('',*,*,#2503,.T.);
#2518 = ORIENTED_EDGE('',*,*,#1627,.T.);
#2519 = ORIENTED_EDGE('',*,*,#2484,.F.);
#2520 = PLANE('',#2521);
#2521 = AXIS2_PLACEMENT_3D('',#2522,#2523,#2524);
#2522 = CARTESIAN_POINT('',(46.6,-35.,36.4));
#2523 = DIRECTION('',(0.,0.,-1.));
#2524 = DIRECTION('',(0.,-1.,0.));
#2525 = ADVANCED_FACE('',(#2526),#2542,.T.);
#2526 = FACE_BOUND('',#2527,.T.);
#2527 = EDGE_LOOP('',(#2528,#2529,#2535,#2536));
#2528 = ORIENTED_EDGE('',*,*,#535,.F.);
#2529 = ORIENTED_EDGE('',*,*,#2530,.T.);
#2530 = EDGE_CURVE('',#536,#1644,#2531,.T.);
#2531 = LINE('',#2532,#2533);
#2532 = CARTESIAN_POINT('',(46.6,-28.5,16.4));
#2533 = VECTOR('',#2534,1.);
#2534 = DIRECTION('',(1.,0.,0.));
#2535 = ORIENTED_EDGE('',*,*,#1643,.T.);
#2536 = ORIENTED_EDGE('',*,*,#2537,.F.);
#2537 = EDGE_CURVE('',#538,#1646,#2538,.T.);
#2538 = LINE('',#2539,#2540);
#2539 = CARTESIAN_POINT('',(46.6,-26.,16.4));
#2540 = VECTOR('',#2541,1.);
#2541 = DIRECTION('',(1.,0.,0.));
#2542 = PLANE('',#2543);
#2543 = AXIS2_PLACEMENT_3D('',#2544,#2545,#2546);
#2544 = CARTESIAN_POINT('',(46.6,-28.5,16.4));
#2545 = DIRECTION('',(0.,0.,1.));
#2546 = DIRECTION('',(0.,1.,0.));
#2547 = ADVANCED_FACE('',(#2548),#2559,.T.);
#2548 = FACE_BOUND('',#2549,.T.);
#2549 = EDGE_LOOP('',(#2550,#2551,#2557,#2558));
#2550 = ORIENTED_EDGE('',*,*,#561,.F.);
#2551 = ORIENTED_EDGE('',*,*,#2552,.T.);
#2552 = EDGE_CURVE('',#554,#1662,#2553,.T.);
#2553 = LINE('',#2554,#2555);
#2554 = CARTESIAN_POINT('',(46.6,-28.5,36.4));
#2555 = VECTOR('',#2556,1.);
#2556 = DIRECTION('',(1.,0.,0.));
#2557 = ORIENTED_EDGE('',*,*,#1669,.T.);
#2558 = ORIENTED_EDGE('',*,*,#2530,.F.);
#2559 = PLANE('',#2560);
#2560 = AXIS2_PLACEMENT_3D('',#2561,#2562,#2563);
#2561 = CARTESIAN_POINT('',(46.6,-28.5,36.4));
#2562 = DIRECTION('',(0.,1.,0.));
#2563 = DIRECTION('',(0.,0.,-1.));
#2564 = ADVANCED_FACE('',(#2565),#2576,.T.);
#2565 = FACE_BOUND('',#2566,.T.);
#2566 = EDGE_LOOP('',(#2567,#2568,#2569,#2570));
#2567 = ORIENTED_EDGE('',*,*,#545,.F.);
#2568 = ORIENTED_EDGE('',*,*,#2537,.T.);
#2569 = ORIENTED_EDGE('',*,*,#1653,.T.);
#2570 = ORIENTED_EDGE('',*,*,#2571,.F.);
#2571 = EDGE_CURVE('',#546,#1654,#2572,.T.);
#2572 = LINE('',#2573,#2574);
#2573 = CARTESIAN_POINT('',(46.6,-26.,36.4));
#2574 = VECTOR('',#2575,1.);
#2575 = DIRECTION('',(1.,0.,0.));
#2576 = PLANE('',#2577);
#2577 = AXIS2_PLACEMENT_3D('',#2578,#2579,#2580);
#2578 = CARTESIAN_POINT('',(46.6,-26.,16.4));
#2579 = DIRECTION('',(0.,-1.,0.));
#2580 = DIRECTION('',(0.,0.,1.));
#2581 = ADVANCED_FACE('',(#2582),#2588,.T.);
#2582 = FACE_BOUND('',#2583,.T.);
#2583 = EDGE_LOOP('',(#2584,#2585,#2586,#2587));
#2584 = ORIENTED_EDGE('',*,*,#553,.F.);
#2585 = ORIENTED_EDGE('',*,*,#2571,.T.);
#2586 = ORIENTED_EDGE('',*,*,#1661,.T.);
#2587 = ORIENTED_EDGE('',*,*,#2552,.F.);
#2588 = PLANE('',#2589);
#2589 = AXIS2_PLACEMENT_3D('',#2590,#2591,#2592);
#2590 = CARTESIAN_POINT('',(46.6,-26.,36.4));
#2591 = DIRECTION('',(0.,0.,-1.));
#2592 = DIRECTION('',(0.,-1.,0.));
#2593 = ADVANCED_FACE('',(#2594),#2619,.T.);
#2594 = FACE_BOUND('',#2595,.T.);
#2595 = EDGE_LOOP('',(#2596,#2606,#2612,#2613));
#2596 = ORIENTED_EDGE('',*,*,#2597,.F.);
#2597 = EDGE_CURVE('',#2598,#2600,#2602,.T.);
#2598 = VERTEX_POINT('',#2599);
#2599 = CARTESIAN_POINT('',(3.,14.5,52.4));
#2600 = VERTEX_POINT('',#2601);
#2601 = CARTESIAN_POINT('',(2.,14.5,52.4));
#2602 = LINE('',#2603,#2604);
#2603 = CARTESIAN_POINT('',(4.,14.5,52.4));
#2604 = VECTOR('',#2605,1.);
#2605 = DIRECTION('',(-1.,-0.,-0.));
#2606 = ORIENTED_EDGE('',*,*,#2607,.F.);
#2607 = EDGE_CURVE('',#624,#2598,#2608,.T.);
#2608 = LINE('',#2609,#2610);
#2609 = CARTESIAN_POINT('',(3.,41.6,52.4));
#2610 = VECTOR('',#2611,1.);
#2611 = DIRECTION('',(0.,-1.,0.));
#2612 = ORIENTED_EDGE('',*,*,#623,.T.);
#2613 = ORIENTED_EDGE('',*,*,#2614,.F.);
#2614 = EDGE_CURVE('',#2600,#626,#2615,.T.);
#2615 = LINE('',#2616,#2617);
#2616 = CARTESIAN_POINT('',(2.,14.5,52.4));
#2617 = VECTOR('',#2618,1.);
#2618 = DIRECTION('',(0.,1.,0.));
#2619 = PLANE('',#2620);
#2620 = AXIS2_PLACEMENT_3D('',#2621,#2622,#2623);
#2621 = CARTESIAN_POINT('',(2.5,-2.5E-16,52.4));
#2622 = DIRECTION('',(0.,0.,1.));
#2623 = DIRECTION('',(1.,0.,0.));
#2624 = ADVANCED_FACE('',(#2625),#2644,.T.);
#2625 = FACE_BOUND('',#2626,.T.);
#2626 = EDGE_LOOP('',(#2627,#2636,#2637,#2638));
#2627 = ORIENTED_EDGE('',*,*,#2628,.T.);
#2628 = EDGE_CURVE('',#2629,#2600,#2631,.T.);
#2629 = VERTEX_POINT('',#2630);
#2630 = CARTESIAN_POINT('',(1.,14.5,51.4));
#2631 = CIRCLE('',#2632,1.);
#2632 = AXIS2_PLACEMENT_3D('',#2633,#2634,#2635);
#2633 = CARTESIAN_POINT('',(2.,14.5,51.4));
#2634 = DIRECTION('',(-0.,1.,6.E-17));
#2635 = DIRECTION('',(0.,-6.E-17,1.));
#2636 = ORIENTED_EDGE('',*,*,#2614,.T.);
#2637 = ORIENTED_EDGE('',*,*,#778,.F.);
#2638 = ORIENTED_EDGE('',*,*,#2639,.F.);
#2639 = EDGE_CURVE('',#2629,#771,#2640,.T.);
#2640 = LINE('',#2641,#2642);
#2641 = CARTESIAN_POINT('',(1.,14.5,51.4));
#2642 = VECTOR('',#2643,1.);
#2643 = DIRECTION('',(0.,1.,0.));
#2644 = CYLINDRICAL_SURFACE('',#2645,1.);
#2645 = AXIS2_PLACEMENT_3D('',#2646,#2647,#2648);
#2646 = CARTESIAN_POINT('',(2.,14.5,51.4));
#2647 = DIRECTION('',(0.,1.,0.));
#2648 = DIRECTION('',(-1.,0.,0.));
#2649 = ADVANCED_FACE('',(#2650),#2661,.T.);
#2650 = FACE_BOUND('',#2651,.T.);
#2651 = EDGE_LOOP('',(#2652,#2653,#2654,#2660));
#2652 = ORIENTED_EDGE('',*,*,#770,.T.);
#2653 = ORIENTED_EDGE('',*,*,#2120,.F.);
#2654 = ORIENTED_EDGE('',*,*,#2655,.T.);
#2655 = EDGE_CURVE('',#2112,#2629,#2656,.T.);
#2656 = LINE('',#2657,#2658);
#2657 = CARTESIAN_POINT('',(1.,14.5,3.4));
#2658 = VECTOR('',#2659,1.);
#2659 = DIRECTION('',(0.,0.,1.));
#2660 = ORIENTED_EDGE('',*,*,#2639,.T.);
#2661 = PLANE('',#2662);
#2662 = AXIS2_PLACEMENT_3D('',#2663,#2664,#2665);
#2663 = CARTESIAN_POINT('',(1.,-42.,3.4));
#2664 = DIRECTION('',(-1.,0.,0.));
#2665 = DIRECTION('',(0.,1.,0.));
#2666 = ADVANCED_FACE('',(#2667),#2679,.F.);
#2667 = FACE_BOUND('',#2668,.T.);
#2668 = EDGE_LOOP('',(#2669,#2670,#2671,#2672));
#2669 = ORIENTED_EDGE('',*,*,#1231,.F.);
#2670 = ORIENTED_EDGE('',*,*,#2127,.T.);
#2671 = ORIENTED_EDGE('',*,*,#754,.T.);
#2672 = ORIENTED_EDGE('',*,*,#2673,.T.);
#2673 = EDGE_CURVE('',#747,#1232,#2674,.T.);
#2674 = CIRCLE('',#2675,0.6);
#2675 = AXIS2_PLACEMENT_3D('',#2676,#2677,#2678);
#2676 = CARTESIAN_POINT('',(-71.,41.,41.4));
#2677 = DIRECTION('',(0.,0.,1.));
#2678 = DIRECTION('',(1.,0.,0.));
#2679 = CYLINDRICAL_SURFACE('',#2680,0.6);
#2680 = AXIS2_PLACEMENT_3D('',#2681,#2682,#2683);
#2681 = CARTESIAN_POINT('',(-71.,41.,0.));
#2682 = DIRECTION('',(-0.,-0.,-1.));
#2683 = DIRECTION('',(1.,0.,0.));
#2684 = ADVANCED_FACE('',(#2685),#2693,.F.);
#2685 = FACE_BOUND('',#2686,.F.);
#2686 = EDGE_LOOP('',(#2687,#2688,#2689,#2690,#2691,#2692));
#2687 = ORIENTED_EDGE('',*,*,#1174,.T.);
#2688 = ORIENTED_EDGE('',*,*,#875,.F.);
#2689 = ORIENTED_EDGE('',*,*,#827,.T.);
#2690 = ORIENTED_EDGE('',*,*,#746,.T.);
#2691 = ORIENTED_EDGE('',*,*,#2673,.T.);
#2692 = ORIENTED_EDGE('',*,*,#1239,.F.);
#2693 = PLANE('',#2694);
#2694 = AXIS2_PLACEMENT_3D('',#2695,#2696,#2697);
#2695 = CARTESIAN_POINT('',(-12.50000000031,-9.26490948E-09,41.4));
#2696 = DIRECTION('',(0.,0.,1.));
#2697 = DIRECTION('',(1.,0.,0.));
#2698 = ADVANCED_FACE('',(#2699),#2717,.T.);
#2699 = FACE_BOUND('',#2700,.T.);
#2700 = EDGE_LOOP('',(#2701,#2702,#2710,#2716));
#2701 = ORIENTED_EDGE('',*,*,#706,.F.);
#2702 = ORIENTED_EDGE('',*,*,#2703,.T.);
#2703 = EDGE_CURVE('',#699,#2704,#2706,.T.);
#2704 = VERTEX_POINT('',#2705);
#2705 = CARTESIAN_POINT('',(20.4,32.6,43.4));
#2706 = LINE('',#2707,#2708);
#2707 = CARTESIAN_POINT('',(20.4,41.6,43.4));
#2708 = VECTOR('',#2709,1.);
#2709 = DIRECTION('',(0.,-1.,2.2E-16));
#2710 = ORIENTED_EDGE('',*,*,#2711,.T.);
#2711 = EDGE_CURVE('',#2704,#2040,#2712,.T.);
#2712 = LINE('',#2713,#2714);
#2713 = CARTESIAN_POINT('',(20.4,32.6,43.4));
#2714 = VECTOR('',#2715,1.);
#2715 = DIRECTION('',(-0.,-0.,-1.));
#2716 = ORIENTED_EDGE('',*,*,#2243,.F.);
#2717 = PLANE('',#2718);
#2718 = AXIS2_PLACEMENT_3D('',#2719,#2720,#2721);
#2719 = CARTESIAN_POINT('',(20.4,41.6,43.4));
#2720 = DIRECTION('',(1.,0.,0.));
#2721 = DIRECTION('',(0.,-2.2E-16,-1.));
#2722 = ADVANCED_FACE('',(#2723),#2757,.T.);
#2723 = FACE_BOUND('',#2724,.T.);
#2724 = EDGE_LOOP('',(#2725,#2733,#2734,#2735,#2743,#2751));
#2725 = ORIENTED_EDGE('',*,*,#2726,.T.);
#2726 = EDGE_CURVE('',#2727,#2704,#2729,.T.);
#2727 = VERTEX_POINT('',#2728);
#2728 = CARTESIAN_POINT('',(20.2,32.6,43.4));
#2729 = LINE('',#2730,#2731);
#2730 = CARTESIAN_POINT('',(19.2,32.6,43.4));
#2731 = VECTOR('',#2732,1.);
#2732 = DIRECTION('',(1.,0.,0.));
#2733 = ORIENTED_EDGE('',*,*,#2703,.F.);
#2734 = ORIENTED_EDGE('',*,*,#698,.F.);
#2735 = ORIENTED_EDGE('',*,*,#2736,.T.);
#2736 = EDGE_CURVE('',#691,#2737,#2739,.T.);
#2737 = VERTEX_POINT('',#2738);
#2738 = CARTESIAN_POINT('',(19.2,36.6,43.4));
#2739 = LINE('',#2740,#2741);
#2740 = CARTESIAN_POINT('',(19.2,41.6,43.4));
#2741 = VECTOR('',#2742,1.);
#2742 = DIRECTION('',(0.,-1.,2.2E-16));
#2743 = ORIENTED_EDGE('',*,*,#2744,.T.);
#2744 = EDGE_CURVE('',#2737,#2745,#2747,.T.);
#2745 = VERTEX_POINT('',#2746);
#2746 = CARTESIAN_POINT('',(19.2,33.6,43.4));
#2747 = LINE('',#2748,#2749);
#2748 = CARTESIAN_POINT('',(19.2,41.6,43.4));
#2749 = VECTOR('',#2750,1.);
#2750 = DIRECTION('',(0.,-1.,2.2E-16));
#2751 = ORIENTED_EDGE('',*,*,#2752,.F.);
#2752 = EDGE_CURVE('',#2727,#2745,#2753,.T.);
#2753 = LINE('',#2754,#2755);
#2754 = CARTESIAN_POINT('',(17.45,35.35,43.4));
#2755 = VECTOR('',#2756,1.);
#2756 = DIRECTION('',(-0.707106781187,0.707106781187,-1.6E-16));
#2757 = PLANE('',#2758);
#2758 = AXIS2_PLACEMENT_3D('',#2759,#2760,#2761);
#2759 = CARTESIAN_POINT('',(19.2,41.6,43.4));
#2760 = DIRECTION('',(0.,2.2E-16,1.));
#2761 = DIRECTION('',(1.,0.,0.));
#2762 = ADVANCED_FACE('',(#2763),#2790,.T.);
#2763 = FACE_BOUND('',#2764,.T.);
#2764 = EDGE_LOOP('',(#2765,#2773,#2781,#2787,#2788,#2789));
#2765 = ORIENTED_EDGE('',*,*,#2766,.T.);
#2766 = EDGE_CURVE('',#683,#2767,#2769,.T.);
#2767 = VERTEX_POINT('',#2768);
#2768 = CARTESIAN_POINT('',(19.2,36.6,4.4));
#2769 = LINE('',#2770,#2771);
#2770 = CARTESIAN_POINT('',(19.2,41.6,4.4));
#2771 = VECTOR('',#2772,1.);
#2772 = DIRECTION('',(0.,-1.,0.));
#2773 = ORIENTED_EDGE('',*,*,#2774,.T.);
#2774 = EDGE_CURVE('',#2767,#2775,#2777,.T.);
#2775 = VERTEX_POINT('',#2776);
#2776 = CARTESIAN_POINT('',(19.2,33.6,4.4));
#2777 = LINE('',#2778,#2779);
#2778 = CARTESIAN_POINT('',(19.2,41.6,4.4));
#2779 = VECTOR('',#2780,1.);
#2780 = DIRECTION('',(0.,-1.,0.));
#2781 = ORIENTED_EDGE('',*,*,#2782,.F.);
#2782 = EDGE_CURVE('',#2745,#2775,#2783,.T.);
#2783 = LINE('',#2784,#2785);
#2784 = CARTESIAN_POINT('',(19.2,33.6,43.4));
#2785 = VECTOR('',#2786,1.);
#2786 = DIRECTION('',(-0.,-0.,-1.));
#2787 = ORIENTED_EDGE('',*,*,#2744,.F.);
#2788 = ORIENTED_EDGE('',*,*,#2736,.F.);
#2789 = ORIENTED_EDGE('',*,*,#690,.F.);
#2790 = PLANE('',#2791);
#2791 = AXIS2_PLACEMENT_3D('',#2792,#2793,#2794);
#2792 = CARTESIAN_POINT('',(19.2,37.6,23.9));
#2793 = DIRECTION('',(-1.,-0.,-0.));
#2794 = DIRECTION('',(0.,0.,-1.));
#2795 = ADVANCED_FACE('',(#2796),#2806,.T.);
#2796 = FACE_BOUND('',#2797,.T.);
#2797 = EDGE_LOOP('',(#2798,#2804,#2805));
#2798 = ORIENTED_EDGE('',*,*,#2799,.T.);
#2799 = EDGE_CURVE('',#675,#2767,#2800,.T.);
#2800 = LINE('',#2801,#2802);
#2801 = CARTESIAN_POINT('',(19.195212360782,41.6,4.4));
#2802 = VECTOR('',#2803,1.);
#2803 = DIRECTION('',(9.575274047038E-04,-0.999999541571,0.));
#2804 = ORIENTED_EDGE('',*,*,#2766,.F.);
#2805 = ORIENTED_EDGE('',*,*,#682,.F.);
#2806 = PLANE('',#2807);
#2807 = AXIS2_PLACEMENT_3D('',#2808,#2809,#2810);
#2808 = CARTESIAN_POINT('',(18.1,-2.8125,4.4));
#2809 = DIRECTION('',(0.,0.,1.));
#2810 = DIRECTION('',(1.,0.,0.));
#2811 = ADVANCED_FACE('',(#2812),#2828,.T.);
#2812 = FACE_BOUND('',#2813,.T.);
#2813 = EDGE_LOOP('',(#2814,#2815,#2821,#2827));
#2814 = ORIENTED_EDGE('',*,*,#674,.T.);
#2815 = ORIENTED_EDGE('',*,*,#2816,.T.);
#2816 = EDGE_CURVE('',#667,#2737,#2817,.T.);
#2817 = LINE('',#2818,#2819);
#2818 = CARTESIAN_POINT('',(19.195212360782,41.6,43.4));
#2819 = VECTOR('',#2820,1.);
#2820 = DIRECTION('',(9.575274047038E-04,-0.999999541571,0.));
#2821 = ORIENTED_EDGE('',*,*,#2822,.F.);
#2822 = EDGE_CURVE('',#2767,#2737,#2823,.T.);
#2823 = LINE('',#2824,#2825);
#2824 = CARTESIAN_POINT('',(19.2,36.6,4.4));
#2825 = VECTOR('',#2826,1.);
#2826 = DIRECTION('',(0.,0.,1.));
#2827 = ORIENTED_EDGE('',*,*,#2799,.F.);
#2828 = PLANE('',#2829);
#2829 = AXIS2_PLACEMENT_3D('',#2830,#2831,#2832);
#2830 = CARTESIAN_POINT('',(19.195212360782,41.6,4.4));
#2831 = DIRECTION('',(0.999999541571,9.575274047038E-04,0.));
#2832 = DIRECTION('',(9.575274047038E-04,-0.999999541571,0.));
#2833 = ADVANCED_FACE('',(#2834),#2876,.T.);
#2834 = FACE_BOUND('',#2835,.T.);
#2835 = EDGE_LOOP('',(#2836,#2837,#2845,#2853,#2861,#2869,#2875));
#2836 = ORIENTED_EDGE('',*,*,#666,.F.);
#2837 = ORIENTED_EDGE('',*,*,#2838,.F.);
#2838 = EDGE_CURVE('',#2839,#659,#2841,.T.);
#2839 = VERTEX_POINT('',#2840);
#2840 = CARTESIAN_POINT('',(15.8,32.6,43.4));
#2841 = LINE('',#2842,#2843);
#2842 = CARTESIAN_POINT('',(15.8,-41.6,43.4));
#2843 = VECTOR('',#2844,1.);
#2844 = DIRECTION('',(0.,1.,-2.2E-16));
#2845 = ORIENTED_EDGE('',*,*,#2846,.T.);
#2846 = EDGE_CURVE('',#2839,#2847,#2849,.T.);
#2847 = VERTEX_POINT('',#2848);
#2848 = CARTESIAN_POINT('',(16.,32.6,43.4));
#2849 = LINE('',#2850,#2851);
#2850 = CARTESIAN_POINT('',(15.8,32.6,43.4));
#2851 = VECTOR('',#2852,1.);
#2852 = DIRECTION('',(1.,0.,0.));
#2853 = ORIENTED_EDGE('',*,*,#2854,.F.);
#2854 = EDGE_CURVE('',#2855,#2847,#2857,.T.);
#2855 = VERTEX_POINT('',#2856);
#2856 = CARTESIAN_POINT('',(17.,33.6,43.4));
#2857 = LINE('',#2858,#2859);
#2858 = CARTESIAN_POINT('',(-2.35,14.25,43.4));
#2859 = VECTOR('',#2860,1.);
#2860 = DIRECTION('',(-0.707106781187,-0.707106781187,1.6E-16));
#2861 = ORIENTED_EDGE('',*,*,#2862,.T.);
#2862 = EDGE_CURVE('',#2855,#2863,#2865,.T.);
#2863 = VERTEX_POINT('',#2864);
#2864 = CARTESIAN_POINT('',(17.,36.6,43.4));
#2865 = LINE('',#2866,#2867);
#2866 = CARTESIAN_POINT('',(17.,-41.6,43.4));
#2867 = VECTOR('',#2868,1.);
#2868 = DIRECTION('',(0.,1.,-2.2E-16));
#2869 = ORIENTED_EDGE('',*,*,#2870,.F.);
#2870 = EDGE_CURVE('',#2737,#2863,#2871,.T.);
#2871 = LINE('',#2872,#2873);
#2872 = CARTESIAN_POINT('',(19.2,36.6,43.4));
#2873 = VECTOR('',#2874,1.);
#2874 = DIRECTION('',(-1.,0.,0.));
#2875 = ORIENTED_EDGE('',*,*,#2816,.F.);
#2876 = PLANE('',#2877);
#2877 = AXIS2_PLACEMENT_3D('',#2878,#2879,#2880);
#2878 = CARTESIAN_POINT('',(17.139218811056,37.58004462786,43.4));
#2879 = DIRECTION('',(-5.41E-15,3.9E-16,1.));
#2880 = DIRECTION('',(1.,0.,5.41E-15));
#2881 = ADVANCED_FACE('',(#2882),#2893,.F.);
#2882 = FACE_BOUND('',#2883,.F.);
#2883 = EDGE_LOOP('',(#2884,#2890,#2891,#2892));
#2884 = ORIENTED_EDGE('',*,*,#2885,.T.);
#2885 = EDGE_CURVE('',#2839,#2072,#2886,.T.);
#2886 = LINE('',#2887,#2888);
#2887 = CARTESIAN_POINT('',(15.8,32.6,43.4));
#2888 = VECTOR('',#2889,1.);
#2889 = DIRECTION('',(-0.,-0.,-1.));
#2890 = ORIENTED_EDGE('',*,*,#2079,.T.);
#2891 = ORIENTED_EDGE('',*,*,#658,.T.);
#2892 = ORIENTED_EDGE('',*,*,#2838,.F.);
#2893 = PLANE('',#2894);
#2894 = AXIS2_PLACEMENT_3D('',#2895,#2896,#2897);
#2895 = CARTESIAN_POINT('',(15.8,-41.6,3.4));
#2896 = DIRECTION('',(1.,0.,0.));
#2897 = DIRECTION('',(0.,2.2E-16,1.));
#2898 = ADVANCED_FACE('',(#2899),#2917,.T.);
#2899 = FACE_BOUND('',#2900,.T.);
#2900 = EDGE_LOOP('',(#2901,#2902,#2903,#2911));
#2901 = ORIENTED_EDGE('',*,*,#2086,.F.);
#2902 = ORIENTED_EDGE('',*,*,#642,.T.);
#2903 = ORIENTED_EDGE('',*,*,#2904,.T.);
#2904 = EDGE_CURVE('',#634,#2905,#2907,.T.);
#2905 = VERTEX_POINT('',#2906);
#2906 = CARTESIAN_POINT('',(4.,14.5,51.4));
#2907 = LINE('',#2908,#2909);
#2908 = CARTESIAN_POINT('',(4.,41.6,51.4));
#2909 = VECTOR('',#2910,1.);
#2910 = DIRECTION('',(0.,-1.,0.));
#2911 = ORIENTED_EDGE('',*,*,#2912,.T.);
#2912 = EDGE_CURVE('',#2905,#2087,#2913,.T.);
#2913 = LINE('',#2914,#2915);
#2914 = CARTESIAN_POINT('',(4.,14.5,51.4));
#2915 = VECTOR('',#2916,1.);
#2916 = DIRECTION('',(0.,0.,-1.));
#2917 = PLANE('',#2918);
#2918 = AXIS2_PLACEMENT_3D('',#2919,#2920,#2921);
#2919 = CARTESIAN_POINT('',(4.,42.,3.4));
#2920 = DIRECTION('',(1.,0.,0.));
#2921 = DIRECTION('',(0.,-1.,0.));
#2922 = ADVANCED_FACE('',(#2923),#2935,.T.);
#2923 = FACE_BOUND('',#2924,.F.);
#2924 = EDGE_LOOP('',(#2925,#2926,#2927,#2934));
#2925 = ORIENTED_EDGE('',*,*,#633,.T.);
#2926 = ORIENTED_EDGE('',*,*,#2904,.T.);
#2927 = ORIENTED_EDGE('',*,*,#2928,.F.);
#2928 = EDGE_CURVE('',#2598,#2905,#2929,.T.);
#2929 = CIRCLE('',#2930,1.);
#2930 = AXIS2_PLACEMENT_3D('',#2931,#2932,#2933);
#2931 = CARTESIAN_POINT('',(3.,14.5,51.4));
#2932 = DIRECTION('',(0.,1.,0.));
#2933 = DIRECTION('',(0.,0.,1.));
#2934 = ORIENTED_EDGE('',*,*,#2607,.F.);
#2935 = CYLINDRICAL_SURFACE('',#2936,1.);
#2936 = AXIS2_PLACEMENT_3D('',#2937,#2938,#2939);
#2937 = CARTESIAN_POINT('',(3.,41.6,51.4));
#2938 = DIRECTION('',(0.,-1.,0.));
#2939 = DIRECTION('',(0.,0.,1.));
#2940 = ADVANCED_FACE('',(#2941),#2967,.T.);
#2941 = FACE_BOUND('',#2942,.F.);
#2942 = EDGE_LOOP('',(#2943,#2954,#2960,#2961));
#2943 = ORIENTED_EDGE('',*,*,#2944,.T.);
#2944 = EDGE_CURVE('',#2945,#2947,#2949,.T.);
#2945 = VERTEX_POINT('',#2946);
#2946 = CARTESIAN_POINT('',(3.,-14.5,52.4));
#2947 = VERTEX_POINT('',#2948);
#2948 = CARTESIAN_POINT('',(4.,-14.5,51.4));
#2949 = CIRCLE('',#2950,1.);
#2950 = AXIS2_PLACEMENT_3D('',#2951,#2952,#2953);
#2951 = CARTESIAN_POINT('',(3.,-14.5,51.4));
#2952 = DIRECTION('',(0.,1.,-6.E-17));
#2953 = DIRECTION('',(0.,6.E-17,1.));
#2954 = ORIENTED_EDGE('',*,*,#2955,.T.);
#2955 = EDGE_CURVE('',#2947,#894,#2956,.T.);
#2956 = LINE('',#2957,#2958);
#2957 = CARTESIAN_POINT('',(4.,-14.5,51.4));
#2958 = VECTOR('',#2959,1.);
#2959 = DIRECTION('',(0.,-1.,0.));
#2960 = ORIENTED_EDGE('',*,*,#891,.F.);
#2961 = ORIENTED_EDGE('',*,*,#2962,.F.);
#2962 = EDGE_CURVE('',#2945,#892,#2963,.T.);
#2963 = LINE('',#2964,#2965);
#2964 = CARTESIAN_POINT('',(3.,-14.5,52.4));
#2965 = VECTOR('',#2966,1.);
#2966 = DIRECTION('',(0.,-1.,0.));
#2967 = CYLINDRICAL_SURFACE('',#2968,1.);
#2968 = AXIS2_PLACEMENT_3D('',#2969,#2970,#2971);
#2969 = CARTESIAN_POINT('',(3.,-14.5,51.4));
#2970 = DIRECTION('',(0.,-1.,0.));
#2971 = DIRECTION('',(0.,0.,1.));
#2972 = ADVANCED_FACE('',(#2973),#2984,.T.);
#2973 = FACE_BOUND('',#2974,.T.);
#2974 = EDGE_LOOP('',(#2975,#2976,#2977,#2983));
#2975 = ORIENTED_EDGE('',*,*,#1015,.T.);
#2976 = ORIENTED_EDGE('',*,*,#2177,.F.);
#2977 = ORIENTED_EDGE('',*,*,#2978,.T.);
#2978 = EDGE_CURVE('',#2169,#2947,#2979,.T.);
#2979 = LINE('',#2980,#2981);
#2980 = CARTESIAN_POINT('',(4.,-14.5,3.4));
#2981 = VECTOR('',#2982,1.);
#2982 = DIRECTION('',(0.,0.,1.));
#2983 = ORIENTED_EDGE('',*,*,#2955,.T.);
#2984 = PLANE('',#2985);
#2985 = AXIS2_PLACEMENT_3D('',#2986,#2987,#2988);
#2986 = CARTESIAN_POINT('',(4.,42.,3.4));
#2987 = DIRECTION('',(1.,0.,0.));
#2988 = DIRECTION('',(0.,-1.,0.));
#2989 = ADVANCED_FACE('',(#2990),#3008,.F.);
#2990 = FACE_BOUND('',#2991,.F.);
#2991 = EDGE_LOOP('',(#2992,#2993,#2994,#3002));
#2992 = ORIENTED_EDGE('',*,*,#999,.F.);
#2993 = ORIENTED_EDGE('',*,*,#2184,.T.);
#2994 = ORIENTED_EDGE('',*,*,#2995,.F.);
#2995 = EDGE_CURVE('',#2996,#2185,#2998,.T.);
#2996 = VERTEX_POINT('',#2997);
#2997 = CARTESIAN_POINT('',(15.8,-30.6,43.4));
#2998 = LINE('',#2999,#3000);
#2999 = CARTESIAN_POINT('',(15.8,-30.6,43.4));
#3000 = VECTOR('',#3001,1.);
#3001 = DIRECTION('',(-0.,-0.,-1.));
#3002 = ORIENTED_EDGE('',*,*,#3003,.F.);
#3003 = EDGE_CURVE('',#992,#2996,#3004,.T.);
#3004 = LINE('',#3005,#3006);
#3005 = CARTESIAN_POINT('',(15.8,-41.6,43.4));
#3006 = VECTOR('',#3007,1.);
#3007 = DIRECTION('',(0.,1.,-2.2E-16));
#3008 = PLANE('',#3009);
#3009 = AXIS2_PLACEMENT_3D('',#3010,#3011,#3012);
#3010 = CARTESIAN_POINT('',(15.8,-41.6,3.4));
#3011 = DIRECTION('',(1.,0.,0.));
#3012 = DIRECTION('',(0.,2.2E-16,1.));
#3013 = ADVANCED_FACE('',(#3014),#3080,.T.);
#3014 = FACE_BOUND('',#3015,.T.);
#3015 = EDGE_LOOP('',(#3016,#3026,#3034,#3040,#3041,#3042,#3050,#3058,
    #3066,#3074));
#3016 = ORIENTED_EDGE('',*,*,#3017,.T.);
#3017 = EDGE_CURVE('',#3018,#3020,#3022,.T.);
#3018 = VERTEX_POINT('',#3019);
#3019 = CARTESIAN_POINT('',(17.,-36.6,43.4));
#3020 = VERTEX_POINT('',#3021);
#3021 = CARTESIAN_POINT('',(17.,-31.6,43.4));
#3022 = LINE('',#3023,#3024);
#3023 = CARTESIAN_POINT('',(17.,-41.6,43.4));
#3024 = VECTOR('',#3025,1.);
#3025 = DIRECTION('',(0.,1.,-2.2E-16));
#3026 = ORIENTED_EDGE('',*,*,#3027,.T.);
#3027 = EDGE_CURVE('',#3020,#3028,#3030,.T.);
#3028 = VERTEX_POINT('',#3029);
#3029 = CARTESIAN_POINT('',(16.,-30.6,43.4));
#3030 = LINE('',#3031,#3032);
#3031 = CARTESIAN_POINT('',(18.95,-33.55,43.4));
#3032 = VECTOR('',#3033,1.);
#3033 = DIRECTION('',(-0.707106781187,0.707106781187,-1.6E-16));
#3034 = ORIENTED_EDGE('',*,*,#3035,.T.);
#3035 = EDGE_CURVE('',#3028,#2996,#3036,.T.);
#3036 = LINE('',#3037,#3038);
#3037 = CARTESIAN_POINT('',(17.,-30.6,43.4));
#3038 = VECTOR('',#3039,1.);
#3039 = DIRECTION('',(-1.,-2.96E-15,0.));
#3040 = ORIENTED_EDGE('',*,*,#3003,.F.);
#3041 = ORIENTED_EDGE('',*,*,#991,.T.);
#3042 = ORIENTED_EDGE('',*,*,#3043,.F.);
#3043 = EDGE_CURVE('',#3044,#984,#3046,.T.);
#3044 = VERTEX_POINT('',#3045);
#3045 = CARTESIAN_POINT('',(20.4,-30.6,43.4));
#3046 = LINE('',#3047,#3048);
#3047 = CARTESIAN_POINT('',(20.4,41.6,43.4));
#3048 = VECTOR('',#3049,1.);
#3049 = DIRECTION('',(0.,-1.,2.2E-16));
#3050 = ORIENTED_EDGE('',*,*,#3051,.T.);
#3051 = EDGE_CURVE('',#3044,#3052,#3054,.T.);
#3052 = VERTEX_POINT('',#3053);
#3053 = CARTESIAN_POINT('',(20.2,-30.6,43.4));
#3054 = LINE('',#3055,#3056);
#3055 = CARTESIAN_POINT('',(20.4,-30.6,43.4));
#3056 = VECTOR('',#3057,1.);
#3057 = DIRECTION('',(-1.,0.,0.));
#3058 = ORIENTED_EDGE('',*,*,#3059,.F.);
#3059 = EDGE_CURVE('',#3060,#3052,#3062,.T.);
#3060 = VERTEX_POINT('',#3061);
#3061 = CARTESIAN_POINT('',(19.2,-31.6,43.4));
#3062 = LINE('',#3063,#3064);
#3063 = CARTESIAN_POINT('',(37.75,-13.05,43.4));
#3064 = VECTOR('',#3065,1.);
#3065 = DIRECTION('',(0.707106781187,0.707106781187,-1.6E-16));
#3066 = ORIENTED_EDGE('',*,*,#3067,.T.);
#3067 = EDGE_CURVE('',#3060,#3068,#3070,.T.);
#3068 = VERTEX_POINT('',#3069);
#3069 = CARTESIAN_POINT('',(19.2,-36.6,43.4));
#3070 = LINE('',#3071,#3072);
#3071 = CARTESIAN_POINT('',(19.2,41.6,43.4));
#3072 = VECTOR('',#3073,1.);
#3073 = DIRECTION('',(0.,-1.,2.2E-16));
#3074 = ORIENTED_EDGE('',*,*,#3075,.T.);
#3075 = EDGE_CURVE('',#3068,#3018,#3076,.T.);
#3076 = LINE('',#3077,#3078);
#3077 = CARTESIAN_POINT('',(19.2,-36.6,43.4));
#3078 = VECTOR('',#3079,1.);
#3079 = DIRECTION('',(-1.,0.,0.));
#3080 = PLANE('',#3081);
#3081 = AXIS2_PLACEMENT_3D('',#3082,#3083,#3084);
#3082 = CARTESIAN_POINT('',(18.1,-35.86344259578,43.4));
#3083 = DIRECTION('',(-4.02E-15,0.,1.));
#3084 = DIRECTION('',(1.,0.,4.02E-15));
#3085 = ADVANCED_FACE('',(#3086),#3097,.T.);
#3086 = FACE_BOUND('',#3087,.T.);
#3087 = EDGE_LOOP('',(#3088,#3094,#3095,#3096));
#3088 = ORIENTED_EDGE('',*,*,#3089,.F.);
#3089 = EDGE_CURVE('',#3044,#2225,#3090,.T.);
#3090 = LINE('',#3091,#3092);
#3091 = CARTESIAN_POINT('',(20.4,-30.6,43.4));
#3092 = VECTOR('',#3093,1.);
#3093 = DIRECTION('',(-0.,-0.,-1.));
#3094 = ORIENTED_EDGE('',*,*,#3043,.T.);
#3095 = ORIENTED_EDGE('',*,*,#983,.T.);
#3096 = ORIENTED_EDGE('',*,*,#2232,.F.);
#3097 = PLANE('',#3098);
#3098 = AXIS2_PLACEMENT_3D('',#3099,#3100,#3101);
#3099 = CARTESIAN_POINT('',(20.4,41.6,43.4));
#3100 = DIRECTION('',(1.,0.,0.));
#3101 = DIRECTION('',(0.,-2.2E-16,-1.));
#3102 = ADVANCED_FACE('',(#3103),#3117,.F.);
#3103 = FACE_BOUND('',#3104,.F.);
#3104 = EDGE_LOOP('',(#3105,#3106,#3107,#3114,#3115,#3116));
#3105 = ORIENTED_EDGE('',*,*,#1344,.F.);
#3106 = ORIENTED_EDGE('',*,*,#1279,.T.);
#3107 = ORIENTED_EDGE('',*,*,#3108,.T.);
#3108 = EDGE_CURVE('',#1216,#936,#3109,.T.);
#3109 = CIRCLE('',#3110,0.6);
#3110 = AXIS2_PLACEMENT_3D('',#3111,#3112,#3113);
#3111 = CARTESIAN_POINT('',(-71.,-41.,41.4));
#3112 = DIRECTION('',(0.,0.,1.));
#3113 = DIRECTION('',(1.,0.,0.));
#3114 = ORIENTED_EDGE('',*,*,#943,.F.);
#3115 = ORIENTED_EDGE('',*,*,#1198,.F.);
#3116 = ORIENTED_EDGE('',*,*,#1295,.F.);
#3117 = PLANE('',#3118);
#3118 = AXIS2_PLACEMENT_3D('',#3119,#3120,#3121);
#3119 = CARTESIAN_POINT('',(-12.50000000031,-9.26490948E-09,41.4));
#3120 = DIRECTION('',(0.,0.,1.));
#3121 = DIRECTION('',(1.,0.,0.));
#3122 = ADVANCED_FACE('',(#3123),#3129,.F.);
#3123 = FACE_BOUND('',#3124,.T.);
#3124 = EDGE_LOOP('',(#3125,#3126,#3127,#3128));
#3125 = ORIENTED_EDGE('',*,*,#1213,.T.);
#3126 = ORIENTED_EDGE('',*,*,#3108,.T.);
#3127 = ORIENTED_EDGE('',*,*,#935,.F.);
#3128 = ORIENTED_EDGE('',*,*,#2135,.T.);
#3129 = CYLINDRICAL_SURFACE('',#3130,0.6);
#3130 = AXIS2_PLACEMENT_3D('',#3131,#3132,#3133);
#3131 = CARTESIAN_POINT('',(-71.,-41.,0.));
#3132 = DIRECTION('',(-0.,-0.,-1.));
#3133 = DIRECTION('',(1.,0.,0.));
#3134 = ADVANCED_FACE('',(#3135),#3153,.T.);
#3135 = FACE_BOUND('',#3136,.T.);
#3136 = EDGE_LOOP('',(#3137,#3138,#3139,#3147));
#3137 = ORIENTED_EDGE('',*,*,#2143,.F.);
#3138 = ORIENTED_EDGE('',*,*,#919,.T.);
#3139 = ORIENTED_EDGE('',*,*,#3140,.T.);
#3140 = EDGE_CURVE('',#911,#3141,#3143,.T.);
#3141 = VERTEX_POINT('',#3142);
#3142 = CARTESIAN_POINT('',(1.,-14.5,51.4));
#3143 = LINE('',#3144,#3145);
#3144 = CARTESIAN_POINT('',(1.,-41.6,51.4));
#3145 = VECTOR('',#3146,1.);
#3146 = DIRECTION('',(0.,1.,0.));
#3147 = ORIENTED_EDGE('',*,*,#3148,.T.);
#3148 = EDGE_CURVE('',#3141,#2144,#3149,.T.);
#3149 = LINE('',#3150,#3151);
#3150 = CARTESIAN_POINT('',(1.,-14.5,51.4));
#3151 = VECTOR('',#3152,1.);
#3152 = DIRECTION('',(0.,0.,-1.));
#3153 = PLANE('',#3154);
#3154 = AXIS2_PLACEMENT_3D('',#3155,#3156,#3157);
#3155 = CARTESIAN_POINT('',(1.,-42.,3.4));
#3156 = DIRECTION('',(-1.,0.,0.));
#3157 = DIRECTION('',(0.,1.,0.));
#3158 = ADVANCED_FACE('',(#3159),#3178,.T.);
#3159 = FACE_BOUND('',#3160,.F.);
#3160 = EDGE_LOOP('',(#3161,#3162,#3163,#3172));
#3161 = ORIENTED_EDGE('',*,*,#910,.T.);
#3162 = ORIENTED_EDGE('',*,*,#3140,.T.);
#3163 = ORIENTED_EDGE('',*,*,#3164,.F.);
#3164 = EDGE_CURVE('',#3165,#3141,#3167,.T.);
#3165 = VERTEX_POINT('',#3166);
#3166 = CARTESIAN_POINT('',(2.,-14.5,52.4));
#3167 = CIRCLE('',#3168,1.);
#3168 = AXIS2_PLACEMENT_3D('',#3169,#3170,#3171);
#3169 = CARTESIAN_POINT('',(2.,-14.5,51.4));
#3170 = DIRECTION('',(0.,-1.,0.));
#3171 = DIRECTION('',(0.,0.,1.));
#3172 = ORIENTED_EDGE('',*,*,#3173,.F.);
#3173 = EDGE_CURVE('',#903,#3165,#3174,.T.);
#3174 = LINE('',#3175,#3176);
#3175 = CARTESIAN_POINT('',(2.,-41.6,52.4));
#3176 = VECTOR('',#3177,1.);
#3177 = DIRECTION('',(0.,1.,0.));
#3178 = CYLINDRICAL_SURFACE('',#3179,1.);
#3179 = AXIS2_PLACEMENT_3D('',#3180,#3181,#3182);
#3180 = CARTESIAN_POINT('',(2.,-41.6,51.4));
#3181 = DIRECTION('',(0.,1.,0.));
#3182 = DIRECTION('',(0.,0.,1.));
#3183 = ADVANCED_FACE('',(#3184),#3195,.T.);
#3184 = FACE_BOUND('',#3185,.T.);
#3185 = EDGE_LOOP('',(#3186,#3192,#3193,#3194));
#3186 = ORIENTED_EDGE('',*,*,#3187,.T.);
#3187 = EDGE_CURVE('',#2945,#3165,#3188,.T.);
#3188 = LINE('',#3189,#3190);
#3189 = CARTESIAN_POINT('',(4.,-14.5,52.4));
#3190 = VECTOR('',#3191,1.);
#3191 = DIRECTION('',(-1.,-0.,-0.));
#3192 = ORIENTED_EDGE('',*,*,#3173,.F.);
#3193 = ORIENTED_EDGE('',*,*,#902,.T.);
#3194 = ORIENTED_EDGE('',*,*,#2962,.F.);
#3195 = PLANE('',#3196);
#3196 = AXIS2_PLACEMENT_3D('',#3197,#3198,#3199);
#3197 = CARTESIAN_POINT('',(2.5,-2.5E-16,52.4));
#3198 = DIRECTION('',(0.,0.,1.));
#3199 = DIRECTION('',(1.,0.,0.));
#3200 = ADVANCED_FACE('',(#3201),#3217,.T.);
#3201 = FACE_BOUND('',#3202,.T.);
#3202 = EDGE_LOOP('',(#3203,#3204,#3210,#3211));
#3203 = ORIENTED_EDGE('',*,*,#1023,.F.);
#3204 = ORIENTED_EDGE('',*,*,#3205,.T.);
#3205 = EDGE_CURVE('',#1024,#1702,#3206,.T.);
#3206 = LINE('',#3207,#3208);
#3207 = CARTESIAN_POINT('',(29.,-41.6,36.4));
#3208 = VECTOR('',#3209,1.);
#3209 = DIRECTION('',(0.,-1.,2.2E-16));
#3210 = ORIENTED_EDGE('',*,*,#1701,.T.);
#3211 = ORIENTED_EDGE('',*,*,#3212,.F.);
#3212 = EDGE_CURVE('',#1026,#1704,#3213,.T.);
#3213 = LINE('',#3214,#3215);
#3214 = CARTESIAN_POINT('',(26.5,-41.6,36.4));
#3215 = VECTOR('',#3216,1.);
#3216 = DIRECTION('',(0.,-1.,2.2E-16));
#3217 = PLANE('',#3218);
#3218 = AXIS2_PLACEMENT_3D('',#3219,#3220,#3221);
#3219 = CARTESIAN_POINT('',(29.,-41.6,36.4));
#3220 = DIRECTION('',(-0.,-2.2E-16,-1.));
#3221 = DIRECTION('',(-1.,0.,0.));
#3222 = ADVANCED_FACE('',(#3223),#3234,.T.);
#3223 = FACE_BOUND('',#3224,.T.);
#3224 = EDGE_LOOP('',(#3225,#3226,#3232,#3233));
#3225 = ORIENTED_EDGE('',*,*,#1049,.F.);
#3226 = ORIENTED_EDGE('',*,*,#3227,.T.);
#3227 = EDGE_CURVE('',#1042,#1720,#3228,.T.);
#3228 = LINE('',#3229,#3230);
#3229 = CARTESIAN_POINT('',(29.,-41.6,16.4));
#3230 = VECTOR('',#3231,1.);
#3231 = DIRECTION('',(0.,-1.,2.2E-16));
#3232 = ORIENTED_EDGE('',*,*,#1727,.T.);
#3233 = ORIENTED_EDGE('',*,*,#3205,.F.);
#3234 = PLANE('',#3235);
#3235 = AXIS2_PLACEMENT_3D('',#3236,#3237,#3238);
#3236 = CARTESIAN_POINT('',(29.,-41.6,16.4));
#3237 = DIRECTION('',(-1.,0.,0.));
#3238 = DIRECTION('',(0.,2.2E-16,1.));
#3239 = ADVANCED_FACE('',(#3240),#3251,.T.);
#3240 = FACE_BOUND('',#3241,.T.);
#3241 = EDGE_LOOP('',(#3242,#3243,#3244,#3245));
#3242 = ORIENTED_EDGE('',*,*,#1033,.F.);
#3243 = ORIENTED_EDGE('',*,*,#3212,.T.);
#3244 = ORIENTED_EDGE('',*,*,#1711,.T.);
#3245 = ORIENTED_EDGE('',*,*,#3246,.F.);
#3246 = EDGE_CURVE('',#1034,#1712,#3247,.T.);
#3247 = LINE('',#3248,#3249);
#3248 = CARTESIAN_POINT('',(26.5,-41.6,16.4));
#3249 = VECTOR('',#3250,1.);
#3250 = DIRECTION('',(0.,-1.,2.2E-16));
#3251 = PLANE('',#3252);
#3252 = AXIS2_PLACEMENT_3D('',#3253,#3254,#3255);
#3253 = CARTESIAN_POINT('',(26.5,-41.6,36.4));
#3254 = DIRECTION('',(1.,0.,0.));
#3255 = DIRECTION('',(0.,-2.2E-16,-1.));
#3256 = ADVANCED_FACE('',(#3257),#3263,.T.);
#3257 = FACE_BOUND('',#3258,.T.);
#3258 = EDGE_LOOP('',(#3259,#3260,#3261,#3262));
#3259 = ORIENTED_EDGE('',*,*,#1041,.F.);
#3260 = ORIENTED_EDGE('',*,*,#3246,.T.);
#3261 = ORIENTED_EDGE('',*,*,#1719,.T.);
#3262 = ORIENTED_EDGE('',*,*,#3227,.F.);
#3263 = PLANE('',#3264);
#3264 = AXIS2_PLACEMENT_3D('',#3265,#3266,#3267);
#3265 = CARTESIAN_POINT('',(26.5,-41.6,16.4));
#3266 = DIRECTION('',(0.,2.2E-16,1.));
#3267 = DIRECTION('',(1.,0.,0.));
#3268 = ADVANCED_FACE('',(#3269),#3285,.F.);
#3269 = FACE_BOUND('',#3270,.F.);
#3270 = EDGE_LOOP('',(#3271,#3272,#3278,#3279));
#3271 = ORIENTED_EDGE('',*,*,#1057,.F.);
#3272 = ORIENTED_EDGE('',*,*,#3273,.T.);
#3273 = EDGE_CURVE('',#1058,#1736,#3274,.T.);
#3274 = LINE('',#3275,#3276);
#3275 = CARTESIAN_POINT('',(33.5,-41.6,36.4));
#3276 = VECTOR('',#3277,1.);
#3277 = DIRECTION('',(0.,-1.,2.2E-16));
#3278 = ORIENTED_EDGE('',*,*,#1735,.T.);
#3279 = ORIENTED_EDGE('',*,*,#3280,.F.);
#3280 = EDGE_CURVE('',#1060,#1738,#3281,.T.);
#3281 = LINE('',#3282,#3283);
#3282 = CARTESIAN_POINT('',(33.5,-41.6,16.4));
#3283 = VECTOR('',#3284,1.);
#3284 = DIRECTION('',(0.,-1.,2.2E-16));
#3285 = PLANE('',#3286);
#3286 = AXIS2_PLACEMENT_3D('',#3287,#3288,#3289);
#3287 = CARTESIAN_POINT('',(33.5,-41.6,36.4));
#3288 = DIRECTION('',(1.,0.,0.));
#3289 = DIRECTION('',(0.,-2.2E-16,-1.));
#3290 = ADVANCED_FACE('',(#3291),#3302,.F.);
#3291 = FACE_BOUND('',#3292,.F.);
#3292 = EDGE_LOOP('',(#3293,#3294,#3300,#3301));
#3293 = ORIENTED_EDGE('',*,*,#1067,.F.);
#3294 = ORIENTED_EDGE('',*,*,#3295,.T.);
#3295 = EDGE_CURVE('',#1068,#1746,#3296,.T.);
#3296 = LINE('',#3297,#3298);
#3297 = CARTESIAN_POINT('',(31.,-41.6,36.4));
#3298 = VECTOR('',#3299,1.);
#3299 = DIRECTION('',(0.,-1.,2.2E-16));
#3300 = ORIENTED_EDGE('',*,*,#1745,.T.);
#3301 = ORIENTED_EDGE('',*,*,#3273,.F.);
#3302 = PLANE('',#3303);
#3303 = AXIS2_PLACEMENT_3D('',#3304,#3305,#3306);
#3304 = CARTESIAN_POINT('',(31.,-41.6,36.4));
#3305 = DIRECTION('',(0.,2.2E-16,1.));
#3306 = DIRECTION('',(1.,0.,0.));
#3307 = ADVANCED_FACE('',(#3308),#3319,.F.);
#3308 = FACE_BOUND('',#3309,.F.);
#3309 = EDGE_LOOP('',(#3310,#3311,#3312,#3313));
#3310 = ORIENTED_EDGE('',*,*,#1083,.F.);
#3311 = ORIENTED_EDGE('',*,*,#3280,.T.);
#3312 = ORIENTED_EDGE('',*,*,#1761,.T.);
#3313 = ORIENTED_EDGE('',*,*,#3314,.F.);
#3314 = EDGE_CURVE('',#1076,#1754,#3315,.T.);
#3315 = LINE('',#3316,#3317);
#3316 = CARTESIAN_POINT('',(31.,-41.6,16.4));
#3317 = VECTOR('',#3318,1.);
#3318 = DIRECTION('',(0.,-1.,2.2E-16));
#3319 = PLANE('',#3320);
#3320 = AXIS2_PLACEMENT_3D('',#3321,#3322,#3323);
#3321 = CARTESIAN_POINT('',(33.5,-41.6,16.4));
#3322 = DIRECTION('',(-0.,-2.2E-16,-1.));
#3323 = DIRECTION('',(-1.,0.,0.));
#3324 = ADVANCED_FACE('',(#3325),#3331,.F.);
#3325 = FACE_BOUND('',#3326,.F.);
#3326 = EDGE_LOOP('',(#3327,#3328,#3329,#3330));
#3327 = ORIENTED_EDGE('',*,*,#1075,.F.);
#3328 = ORIENTED_EDGE('',*,*,#3314,.T.);
#3329 = ORIENTED_EDGE('',*,*,#1753,.T.);
#3330 = ORIENTED_EDGE('',*,*,#3295,.F.);
#3331 = PLANE('',#3332);
#3332 = AXIS2_PLACEMENT_3D('',#3333,#3334,#3335);
#3333 = CARTESIAN_POINT('',(31.,-41.6,16.4));
#3334 = DIRECTION('',(-1.,0.,0.));
#3335 = DIRECTION('',(0.,2.2E-16,1.));
#3336 = ADVANCED_FACE('',(#3337),#3353,.T.);
#3337 = FACE_BOUND('',#3338,.T.);
#3338 = EDGE_LOOP('',(#3339,#3340,#3346,#3347));
#3339 = ORIENTED_EDGE('',*,*,#1091,.F.);
#3340 = ORIENTED_EDGE('',*,*,#3341,.T.);
#3341 = EDGE_CURVE('',#1092,#1770,#3342,.T.);
#3342 = LINE('',#3343,#3344);
#3343 = CARTESIAN_POINT('',(38.,-41.6,36.4));
#3344 = VECTOR('',#3345,1.);
#3345 = DIRECTION('',(0.,-1.,2.2E-16));
#3346 = ORIENTED_EDGE('',*,*,#1769,.T.);
#3347 = ORIENTED_EDGE('',*,*,#3348,.F.);
#3348 = EDGE_CURVE('',#1094,#1772,#3349,.T.);
#3349 = LINE('',#3350,#3351);
#3350 = CARTESIAN_POINT('',(35.5,-41.6,36.4));
#3351 = VECTOR('',#3352,1.);
#3352 = DIRECTION('',(0.,-1.,2.2E-16));
#3353 = PLANE('',#3354);
#3354 = AXIS2_PLACEMENT_3D('',#3355,#3356,#3357);
#3355 = CARTESIAN_POINT('',(38.,-41.6,36.4));
#3356 = DIRECTION('',(-0.,-2.2E-16,-1.));
#3357 = DIRECTION('',(-1.,0.,0.));
#3358 = ADVANCED_FACE('',(#3359),#3370,.T.);
#3359 = FACE_BOUND('',#3360,.T.);
#3360 = EDGE_LOOP('',(#3361,#3362,#3368,#3369));
#3361 = ORIENTED_EDGE('',*,*,#1117,.F.);
#3362 = ORIENTED_EDGE('',*,*,#3363,.T.);
#3363 = EDGE_CURVE('',#1110,#1788,#3364,.T.);
#3364 = LINE('',#3365,#3366);
#3365 = CARTESIAN_POINT('',(38.,-41.6,16.4));
#3366 = VECTOR('',#3367,1.);
#3367 = DIRECTION('',(0.,-1.,2.2E-16));
#3368 = ORIENTED_EDGE('',*,*,#1795,.T.);
#3369 = ORIENTED_EDGE('',*,*,#3341,.F.);
#3370 = PLANE('',#3371);
#3371 = AXIS2_PLACEMENT_3D('',#3372,#3373,#3374);
#3372 = CARTESIAN_POINT('',(38.,-41.6,16.4));
#3373 = DIRECTION('',(-1.,0.,0.));
#3374 = DIRECTION('',(0.,2.2E-16,1.));
#3375 = ADVANCED_FACE('',(#3376),#3387,.T.);
#3376 = FACE_BOUND('',#3377,.T.);
#3377 = EDGE_LOOP('',(#3378,#3379,#3380,#3381));
#3378 = ORIENTED_EDGE('',*,*,#1101,.F.);
#3379 = ORIENTED_EDGE('',*,*,#3348,.T.);
#3380 = ORIENTED_EDGE('',*,*,#1779,.T.);
#3381 = ORIENTED_EDGE('',*,*,#3382,.F.);
#3382 = EDGE_CURVE('',#1102,#1780,#3383,.T.);
#3383 = LINE('',#3384,#3385);
#3384 = CARTESIAN_POINT('',(35.5,-41.6,16.4));
#3385 = VECTOR('',#3386,1.);
#3386 = DIRECTION('',(0.,-1.,2.2E-16));
#3387 = PLANE('',#3388);
#3388 = AXIS2_PLACEMENT_3D('',#3389,#3390,#3391);
#3389 = CARTESIAN_POINT('',(35.5,-41.6,36.4));
#3390 = DIRECTION('',(1.,0.,0.));
#3391 = DIRECTION('',(0.,-2.2E-16,-1.));
#3392 = ADVANCED_FACE('',(#3393),#3399,.T.);
#3393 = FACE_BOUND('',#3394,.T.);
#3394 = EDGE_LOOP('',(#3395,#3396,#3397,#3398));
#3395 = ORIENTED_EDGE('',*,*,#1109,.F.);
#3396 = ORIENTED_EDGE('',*,*,#3382,.T.);
#3397 = ORIENTED_EDGE('',*,*,#1787,.T.);
#3398 = ORIENTED_EDGE('',*,*,#3363,.F.);
#3399 = PLANE('',#3400);
#3400 = AXIS2_PLACEMENT_3D('',#3401,#3402,#3403);
#3401 = CARTESIAN_POINT('',(35.5,-41.6,16.4));
#3402 = DIRECTION('',(0.,2.2E-16,1.));
#3403 = DIRECTION('',(1.,0.,0.));
#3404 = ADVANCED_FACE('',(#3405),#3421,.F.);
#3405 = FACE_BOUND('',#3406,.F.);
#3406 = EDGE_LOOP('',(#3407,#3408,#3414,#3415));
#3407 = ORIENTED_EDGE('',*,*,#1125,.F.);
#3408 = ORIENTED_EDGE('',*,*,#3409,.T.);
#3409 = EDGE_CURVE('',#1126,#1804,#3410,.T.);
#3410 = LINE('',#3411,#3412);
#3411 = CARTESIAN_POINT('',(42.5,-41.6,36.4));
#3412 = VECTOR('',#3413,1.);
#3413 = DIRECTION('',(0.,-1.,2.2E-16));
#3414 = ORIENTED_EDGE('',*,*,#1803,.T.);
#3415 = ORIENTED_EDGE('',*,*,#3416,.F.);
#3416 = EDGE_CURVE('',#1128,#1806,#3417,.T.);
#3417 = LINE('',#3418,#3419);
#3418 = CARTESIAN_POINT('',(42.5,-41.6,16.4));
#3419 = VECTOR('',#3420,1.);
#3420 = DIRECTION('',(0.,-1.,2.2E-16));
#3421 = PLANE('',#3422);
#3422 = AXIS2_PLACEMENT_3D('',#3423,#3424,#3425);
#3423 = CARTESIAN_POINT('',(42.5,-41.6,36.4));
#3424 = DIRECTION('',(1.,0.,0.));
#3425 = DIRECTION('',(0.,-2.2E-16,-1.));
#3426 = ADVANCED_FACE('',(#3427),#3438,.F.);
#3427 = FACE_BOUND('',#3428,.F.);
#3428 = EDGE_LOOP('',(#3429,#3430,#3436,#3437));
#3429 = ORIENTED_EDGE('',*,*,#1135,.F.);
#3430 = ORIENTED_EDGE('',*,*,#3431,.T.);
#3431 = EDGE_CURVE('',#1136,#1814,#3432,.T.);
#3432 = LINE('',#3433,#3434);
#3433 = CARTESIAN_POINT('',(40.,-41.6,36.4));
#3434 = VECTOR('',#3435,1.);
#3435 = DIRECTION('',(0.,-1.,2.2E-16));
#3436 = ORIENTED_EDGE('',*,*,#1813,.T.);
#3437 = ORIENTED_EDGE('',*,*,#3409,.F.);
#3438 = PLANE('',#3439);
#3439 = AXIS2_PLACEMENT_3D('',#3440,#3441,#3442);
#3440 = CARTESIAN_POINT('',(40.,-41.6,36.4));
#3441 = DIRECTION('',(0.,2.2E-16,1.));
#3442 = DIRECTION('',(1.,0.,0.));
#3443 = ADVANCED_FACE('',(#3444),#3455,.F.);
#3444 = FACE_BOUND('',#3445,.F.);
#3445 = EDGE_LOOP('',(#3446,#3447,#3448,#3449));
#3446 = ORIENTED_EDGE('',*,*,#1151,.F.);
#3447 = ORIENTED_EDGE('',*,*,#3416,.T.);
#3448 = ORIENTED_EDGE('',*,*,#1829,.T.);
#3449 = ORIENTED_EDGE('',*,*,#3450,.F.);
#3450 = EDGE_CURVE('',#1144,#1822,#3451,.T.);
#3451 = LINE('',#3452,#3453);
#3452 = CARTESIAN_POINT('',(40.,-41.6,16.4));
#3453 = VECTOR('',#3454,1.);
#3454 = DIRECTION('',(0.,-1.,2.2E-16));
#3455 = PLANE('',#3456);
#3456 = AXIS2_PLACEMENT_3D('',#3457,#3458,#3459);
#3457 = CARTESIAN_POINT('',(42.5,-41.6,16.4));
#3458 = DIRECTION('',(-0.,-2.2E-16,-1.));
#3459 = DIRECTION('',(-1.,0.,0.));
#3460 = ADVANCED_FACE('',(#3461),#3467,.F.);
#3461 = FACE_BOUND('',#3462,.F.);
#3462 = EDGE_LOOP('',(#3463,#3464,#3465,#3466));
#3463 = ORIENTED_EDGE('',*,*,#1143,.F.);
#3464 = ORIENTED_EDGE('',*,*,#3450,.T.);
#3465 = ORIENTED_EDGE('',*,*,#1821,.T.);
#3466 = ORIENTED_EDGE('',*,*,#3431,.F.);
#3467 = PLANE('',#3468);
#3468 = AXIS2_PLACEMENT_3D('',#3469,#3470,#3471);
#3469 = CARTESIAN_POINT('',(40.,-41.6,16.4));
#3470 = DIRECTION('',(-1.,0.,0.));
#3471 = DIRECTION('',(0.,2.2E-16,1.));
#3472 = ADVANCED_FACE('',(#3473),#3479,.F.);
#3473 = FACE_BOUND('',#3474,.F.);
#3474 = EDGE_LOOP('',(#3475,#3476,#3477,#3478));
#3475 = ORIENTED_EDGE('',*,*,#1383,.F.);
#3476 = ORIENTED_EDGE('',*,*,#1326,.T.);
#3477 = ORIENTED_EDGE('',*,*,#1255,.T.);
#3478 = ORIENTED_EDGE('',*,*,#1435,.F.);
#3479 = CYLINDRICAL_SURFACE('',#3480,3.5);
#3480 = AXIS2_PLACEMENT_3D('',#3481,#3482,#3483);
#3481 = CARTESIAN_POINT('',(-75.,-30.5,52.));
#3482 = DIRECTION('',(-1.,0.,0.));
#3483 = DIRECTION('',(0.,-1.,0.));
#3484 = ADVANCED_FACE('',(#3485),#3512,.T.);
#3485 = FACE_BOUND('',#3486,.F.);
#3486 = EDGE_LOOP('',(#3487,#3496,#3497,#3506));
#3487 = ORIENTED_EDGE('',*,*,#3488,.T.);
#3488 = EDGE_CURVE('',#3489,#1368,#3491,.T.);
#3489 = VERTEX_POINT('',#3490);
#3490 = CARTESIAN_POINT('',(-73.,41.,0.));
#3491 = CIRCLE('',#3492,2.);
#3492 = AXIS2_PLACEMENT_3D('',#3493,#3494,#3495);
#3493 = CARTESIAN_POINT('',(-73.,41.,2.));
#3494 = DIRECTION('',(6.E-17,1.,-0.));
#3495 = DIRECTION('',(-1.,6.E-17,0.));
#3496 = ORIENTED_EDGE('',*,*,#1367,.T.);
#3497 = ORIENTED_EDGE('',*,*,#3498,.F.);
#3498 = EDGE_CURVE('',#3499,#1360,#3501,.T.);
#3499 = VERTEX_POINT('',#3500);
#3500 = CARTESIAN_POINT('',(-73.,-41.,0.));
#3501 = CIRCLE('',#3502,2.);
#3502 = AXIS2_PLACEMENT_3D('',#3503,#3504,#3505);
#3503 = CARTESIAN_POINT('',(-73.,-41.,2.));
#3504 = DIRECTION('',(0.,1.,0.));
#3505 = DIRECTION('',(0.,0.,-1.));
#3506 = ORIENTED_EDGE('',*,*,#3507,.F.);
#3507 = EDGE_CURVE('',#3489,#3499,#3508,.T.);
#3508 = LINE('',#3509,#3510);
#3509 = CARTESIAN_POINT('',(-73.,41.,-4.4E-16));
#3510 = VECTOR('',#3511,1.);
#3511 = DIRECTION('',(0.,-1.,0.));
#3512 = CYLINDRICAL_SURFACE('',#3513,2.);
#3513 = AXIS2_PLACEMENT_3D('',#3514,#3515,#3516);
#3514 = CARTESIAN_POINT('',(-73.,41.,2.));
#3515 = DIRECTION('',(0.,-1.,0.));
#3516 = DIRECTION('',(-0.,-0.,-1.));
#3517 = ADVANCED_FACE('',(#3518),#3538,.T.);
#3518 = FACE_BOUND('',#3519,.T.);
#3519 = EDGE_LOOP('',(#3520,#3529,#3536,#3537));
#3520 = ORIENTED_EDGE('',*,*,#3521,.F.);
#3521 = EDGE_CURVE('',#3522,#1408,#3524,.T.);
#3522 = VERTEX_POINT('',#3523);
#3523 = CARTESIAN_POINT('',(-71.,43.,0.));
#3524 = CIRCLE('',#3525,2.);
#3525 = AXIS2_PLACEMENT_3D('',#3526,#3527,#3528);
#3526 = CARTESIAN_POINT('',(-71.,43.,2.));
#3527 = DIRECTION('',(1.,-0.,0.));
#3528 = DIRECTION('',(0.,0.,-1.));
#3529 = ORIENTED_EDGE('',*,*,#3530,.T.);
#3530 = EDGE_CURVE('',#3522,#3489,#3531,.T.);
#3531 = CIRCLE('',#3532,2.);
#3532 = AXIS2_PLACEMENT_3D('',#3533,#3534,#3535);
#3533 = CARTESIAN_POINT('',(-71.,41.,0.));
#3534 = DIRECTION('',(0.,-0.,1.));
#3535 = DIRECTION('',(0.,1.,0.));
#3536 = ORIENTED_EDGE('',*,*,#3488,.T.);
#3537 = ORIENTED_EDGE('',*,*,#1417,.F.);
#3538 = TOROIDAL_SURFACE('',#3539,2.,2.);
#3539 = AXIS2_PLACEMENT_3D('',#3540,#3541,#3542);
#3540 = CARTESIAN_POINT('',(-71.,41.,2.));
#3541 = DIRECTION('',(0.,0.,1.));
#3542 = DIRECTION('',(0.,1.,0.));
#3543 = ADVANCED_FACE('',(#3544),#3563,.T.);
#3544 = FACE_BOUND('',#3545,.F.);
#3545 = EDGE_LOOP('',(#3546,#3555,#3556,#3557));
#3546 = ORIENTED_EDGE('',*,*,#3547,.T.);
#3547 = EDGE_CURVE('',#3548,#1450,#3550,.T.);
#3548 = VERTEX_POINT('',#3549);
#3549 = CARTESIAN_POINT('',(46.,43.,0.));
#3550 = CIRCLE('',#3551,2.);
#3551 = AXIS2_PLACEMENT_3D('',#3552,#3553,#3554);
#3552 = CARTESIAN_POINT('',(46.,43.,2.));
#3553 = DIRECTION('',(1.,-0.,0.));
#3554 = DIRECTION('',(0.,0.,-1.));
#3555 = ORIENTED_EDGE('',*,*,#1459,.T.);
#3556 = ORIENTED_EDGE('',*,*,#3521,.F.);
#3557 = ORIENTED_EDGE('',*,*,#3558,.F.);
#3558 = EDGE_CURVE('',#3548,#3522,#3559,.T.);
#3559 = LINE('',#3560,#3561);
#3560 = CARTESIAN_POINT('',(46.,43.,-4.4E-16));
#3561 = VECTOR('',#3562,1.);
#3562 = DIRECTION('',(-1.,0.,0.));
#3563 = CYLINDRICAL_SURFACE('',#3564,2.);
#3564 = AXIS2_PLACEMENT_3D('',#3565,#3566,#3567);
#3565 = CARTESIAN_POINT('',(46.,43.,2.));
#3566 = DIRECTION('',(-1.,0.,0.));
#3567 = DIRECTION('',(0.,0.,-1.));
#3568 = ADVANCED_FACE('',(#3569),#3589,.T.);
#3569 = FACE_BOUND('',#3570,.T.);
#3570 = EDGE_LOOP('',(#3571,#3580,#3587,#3588));
#3571 = ORIENTED_EDGE('',*,*,#3572,.F.);
#3572 = EDGE_CURVE('',#3573,#1474,#3575,.T.);
#3573 = VERTEX_POINT('',#3574);
#3574 = CARTESIAN_POINT('',(48.,41.,0.));
#3575 = CIRCLE('',#3576,2.);
#3576 = AXIS2_PLACEMENT_3D('',#3577,#3578,#3579);
#3577 = CARTESIAN_POINT('',(48.,41.,2.));
#3578 = DIRECTION('',(0.,-1.,0.));
#3579 = DIRECTION('',(0.,0.,-1.));
#3580 = ORIENTED_EDGE('',*,*,#3581,.T.);
#3581 = EDGE_CURVE('',#3573,#3548,#3582,.T.);
#3582 = CIRCLE('',#3583,2.);
#3583 = AXIS2_PLACEMENT_3D('',#3584,#3585,#3586);
#3584 = CARTESIAN_POINT('',(46.,41.,0.));
#3585 = DIRECTION('',(0.,0.,1.));
#3586 = DIRECTION('',(1.,0.,0.));
#3587 = ORIENTED_EDGE('',*,*,#3547,.T.);
#3588 = ORIENTED_EDGE('',*,*,#1483,.F.);
#3589 = TOROIDAL_SURFACE('',#3590,2.,2.);
#3590 = AXIS2_PLACEMENT_3D('',#3591,#3592,#3593);
#3591 = CARTESIAN_POINT('',(46.,41.,2.));
#3592 = DIRECTION('',(0.,0.,1.));
#3593 = DIRECTION('',(1.,0.,0.));
#3594 = ADVANCED_FACE('',(#3595),#3615,.T.);
#3595 = FACE_BOUND('',#3596,.T.);
#3596 = EDGE_LOOP('',(#3597,#3598,#3607,#3614));
#3597 = ORIENTED_EDGE('',*,*,#3498,.F.);
#3598 = ORIENTED_EDGE('',*,*,#3599,.T.);
#3599 = EDGE_CURVE('',#3499,#3600,#3602,.T.);
#3600 = VERTEX_POINT('',#3601);
#3601 = CARTESIAN_POINT('',(-71.,-43.,0.));
#3602 = CIRCLE('',#3603,2.);
#3603 = AXIS2_PLACEMENT_3D('',#3604,#3605,#3606);
#3604 = CARTESIAN_POINT('',(-71.,-41.,0.));
#3605 = DIRECTION('',(0.,0.,1.));
#3606 = DIRECTION('',(-1.,0.,0.));
#3607 = ORIENTED_EDGE('',*,*,#3608,.T.);
#3608 = EDGE_CURVE('',#3600,#1501,#3609,.T.);
#3609 = CIRCLE('',#3610,2.);
#3610 = AXIS2_PLACEMENT_3D('',#3611,#3612,#3613);
#3611 = CARTESIAN_POINT('',(-71.,-43.,2.));
#3612 = DIRECTION('',(-1.,6.E-17,0.));
#3613 = DIRECTION('',(-6.E-17,-1.,0.));
#3614 = ORIENTED_EDGE('',*,*,#1508,.F.);
#3615 = TOROIDAL_SURFACE('',#3616,2.,2.);
#3616 = AXIS2_PLACEMENT_3D('',#3617,#3618,#3619);
#3617 = CARTESIAN_POINT('',(-71.,-41.,2.));
#3618 = DIRECTION('',(0.,0.,1.));
#3619 = DIRECTION('',(-1.,0.,0.));
#3620 = ADVANCED_FACE('',(#3621),#3640,.T.);
#3621 = FACE_BOUND('',#3622,.F.);
#3622 = EDGE_LOOP('',(#3623,#3632,#3633,#3634));
#3623 = ORIENTED_EDGE('',*,*,#3624,.T.);
#3624 = EDGE_CURVE('',#3625,#1524,#3627,.T.);
#3625 = VERTEX_POINT('',#3626);
#3626 = CARTESIAN_POINT('',(48.,-41.,0.));
#3627 = CIRCLE('',#3628,2.);
#3628 = AXIS2_PLACEMENT_3D('',#3629,#3630,#3631);
#3629 = CARTESIAN_POINT('',(48.,-41.,2.));
#3630 = DIRECTION('',(-9.5E-16,-1.,0.));
#3631 = DIRECTION('',(1.,-9.5E-16,0.));
#3632 = ORIENTED_EDGE('',*,*,#1533,.T.);
#3633 = ORIENTED_EDGE('',*,*,#3572,.F.);
#3634 = ORIENTED_EDGE('',*,*,#3635,.F.);
#3635 = EDGE_CURVE('',#3625,#3573,#3636,.T.);
#3636 = LINE('',#3637,#3638);
#3637 = CARTESIAN_POINT('',(48.,-41.,-4.4E-16));
#3638 = VECTOR('',#3639,1.);
#3639 = DIRECTION('',(0.,1.,0.));
#3640 = CYLINDRICAL_SURFACE('',#3641,2.);
#3641 = AXIS2_PLACEMENT_3D('',#3642,#3643,#3644);
#3642 = CARTESIAN_POINT('',(48.,-41.,2.));
#3643 = DIRECTION('',(0.,1.,0.));
#3644 = DIRECTION('',(0.,0.,-1.));
#3645 = ADVANCED_FACE('',(#3646),#3665,.T.);
#3646 = FACE_BOUND('',#3647,.F.);
#3647 = EDGE_LOOP('',(#3648,#3649,#3650,#3659));
#3648 = ORIENTED_EDGE('',*,*,#3608,.T.);
#3649 = ORIENTED_EDGE('',*,*,#1693,.T.);
#3650 = ORIENTED_EDGE('',*,*,#3651,.F.);
#3651 = EDGE_CURVE('',#3652,#1686,#3654,.T.);
#3652 = VERTEX_POINT('',#3653);
#3653 = CARTESIAN_POINT('',(46.,-43.,0.));
#3654 = CIRCLE('',#3655,2.);
#3655 = AXIS2_PLACEMENT_3D('',#3656,#3657,#3658);
#3656 = CARTESIAN_POINT('',(46.,-43.,2.));
#3657 = DIRECTION('',(-1.,-0.,-0.));
#3658 = DIRECTION('',(0.,0.,-1.));
#3659 = ORIENTED_EDGE('',*,*,#3660,.F.);
#3660 = EDGE_CURVE('',#3600,#3652,#3661,.T.);
#3661 = LINE('',#3662,#3663);
#3662 = CARTESIAN_POINT('',(-71.,-43.,-4.4E-16));
#3663 = VECTOR('',#3664,1.);
#3664 = DIRECTION('',(1.,0.,0.));
#3665 = CYLINDRICAL_SURFACE('',#3666,2.);
#3666 = AXIS2_PLACEMENT_3D('',#3667,#3668,#3669);
#3667 = CARTESIAN_POINT('',(-71.,-43.,2.));
#3668 = DIRECTION('',(1.,0.,0.));
#3669 = DIRECTION('',(0.,0.,-1.));
#3670 = ADVANCED_FACE('',(#3671),#3683,.T.);
#3671 = FACE_BOUND('',#3672,.T.);
#3672 = EDGE_LOOP('',(#3673,#3674,#3681,#3682));
#3673 = ORIENTED_EDGE('',*,*,#3651,.F.);
#3674 = ORIENTED_EDGE('',*,*,#3675,.T.);
#3675 = EDGE_CURVE('',#3652,#3625,#3676,.T.);
#3676 = CIRCLE('',#3677,2.);
#3677 = AXIS2_PLACEMENT_3D('',#3678,#3679,#3680);
#3678 = CARTESIAN_POINT('',(46.,-41.,0.));
#3679 = DIRECTION('',(-0.,0.,1.));
#3680 = DIRECTION('',(0.,-1.,0.));
#3681 = ORIENTED_EDGE('',*,*,#3624,.T.);
#3682 = ORIENTED_EDGE('',*,*,#1846,.F.);
#3683 = TOROIDAL_SURFACE('',#3684,2.,2.);
#3684 = AXIS2_PLACEMENT_3D('',#3685,#3686,#3687);
#3685 = CARTESIAN_POINT('',(46.,-41.,2.));
#3686 = DIRECTION('',(0.,0.,1.));
#3687 = DIRECTION('',(0.,-1.,0.));
#3688 = ADVANCED_FACE('',(#3689),#3701,.F.);
#3689 = FACE_BOUND('',#3690,.T.);
#3690 = EDGE_LOOP('',(#3691,#3692,#3700));
#3691 = ORIENTED_EDGE('',*,*,#1871,.T.);
#3692 = ORIENTED_EDGE('',*,*,#3693,.T.);
#3693 = EDGE_CURVE('',#1862,#3694,#3696,.T.);
#3694 = VERTEX_POINT('',#3695);
#3695 = CARTESIAN_POINT('',(-71.,-41.,42.573816648837));
#3696 = LINE('',#3697,#3698);
#3697 = CARTESIAN_POINT('',(-69.625,-41.,43.4));
#3698 = VECTOR('',#3699,1.);
#3699 = DIRECTION('',(-0.857167300702,-0.,-0.51503807491));
#3700 = ORIENTED_EDGE('',*,*,#3693,.F.);
#3701 = CONICAL_SURFACE('',#3702,1.375,1.029744258677);
#3702 = AXIS2_PLACEMENT_3D('',#3703,#3704,#3705);
#3703 = CARTESIAN_POINT('',(-71.,-41.,43.4));
#3704 = DIRECTION('',(0.,0.,1.));
#3705 = DIRECTION('',(1.,0.,0.));
#3706 = ADVANCED_FACE('',(#3707),#3719,.F.);
#3707 = FACE_BOUND('',#3708,.T.);
#3708 = EDGE_LOOP('',(#3709,#3710,#3718));
#3709 = ORIENTED_EDGE('',*,*,#1896,.T.);
#3710 = ORIENTED_EDGE('',*,*,#3711,.T.);
#3711 = EDGE_CURVE('',#1887,#3712,#3714,.T.);
#3712 = VERTEX_POINT('',#3713);
#3713 = CARTESIAN_POINT('',(46.,-41.,42.573816648837));
#3714 = LINE('',#3715,#3716);
#3715 = CARTESIAN_POINT('',(47.375,-41.,43.4));
#3716 = VECTOR('',#3717,1.);
#3717 = DIRECTION('',(-0.857167300702,-0.,-0.51503807491));
#3718 = ORIENTED_EDGE('',*,*,#3711,.F.);
#3719 = CONICAL_SURFACE('',#3720,1.375,1.029744258677);
#3720 = AXIS2_PLACEMENT_3D('',#3721,#3722,#3723);
#3721 = CARTESIAN_POINT('',(46.,-41.,43.4));
#3722 = DIRECTION('',(0.,0.,1.));
#3723 = DIRECTION('',(1.,0.,0.));
#3724 = ADVANCED_FACE('',(#3725),#3737,.F.);
#3725 = FACE_BOUND('',#3726,.T.);
#3726 = EDGE_LOOP('',(#3727,#3728,#3736));
#3727 = ORIENTED_EDGE('',*,*,#1921,.T.);
#3728 = ORIENTED_EDGE('',*,*,#3729,.T.);
#3729 = EDGE_CURVE('',#1912,#3730,#3732,.T.);
#3730 = VERTEX_POINT('',#3731);
#3731 = CARTESIAN_POINT('',(-71.,41.,42.573816648837));
#3732 = LINE('',#3733,#3734);
#3733 = CARTESIAN_POINT('',(-69.625,41.,43.4));
#3734 = VECTOR('',#3735,1.);
#3735 = DIRECTION('',(-0.857167300702,-0.,-0.51503807491));
#3736 = ORIENTED_EDGE('',*,*,#3729,.F.);
#3737 = CONICAL_SURFACE('',#3738,1.375,1.029744258677);
#3738 = AXIS2_PLACEMENT_3D('',#3739,#3740,#3741);
#3739 = CARTESIAN_POINT('',(-71.,41.,43.4));
#3740 = DIRECTION('',(0.,0.,1.));
#3741 = DIRECTION('',(1.,0.,0.));
#3742 = ADVANCED_FACE('',(#3743),#3755,.F.);
#3743 = FACE_BOUND('',#3744,.T.);
#3744 = EDGE_LOOP('',(#3745,#3746,#3754));
#3745 = ORIENTED_EDGE('',*,*,#1946,.T.);
#3746 = ORIENTED_EDGE('',*,*,#3747,.T.);
#3747 = EDGE_CURVE('',#1937,#3748,#3750,.T.);
#3748 = VERTEX_POINT('',#3749);
#3749 = CARTESIAN_POINT('',(46.,41.,42.573816648837));
#3750 = LINE('',#3751,#3752);
#3751 = CARTESIAN_POINT('',(47.375,41.,43.4));
#3752 = VECTOR('',#3753,1.);
#3753 = DIRECTION('',(-0.857167300702,-0.,-0.51503807491));
#3754 = ORIENTED_EDGE('',*,*,#3747,.F.);
#3755 = CONICAL_SURFACE('',#3756,1.375,1.029744258677);
#3756 = AXIS2_PLACEMENT_3D('',#3757,#3758,#3759);
#3757 = CARTESIAN_POINT('',(46.,41.,43.4));
#3758 = DIRECTION('',(0.,0.,1.));
#3759 = DIRECTION('',(1.,0.,0.));
#3760 = ADVANCED_FACE('',(#3761),#3772,.T.);
#3761 = FACE_BOUND('',#3762,.T.);
#3762 = EDGE_LOOP('',(#3763,#3764,#3770,#3771));
#3763 = ORIENTED_EDGE('',*,*,#2726,.F.);
#3764 = ORIENTED_EDGE('',*,*,#3765,.T.);
#3765 = EDGE_CURVE('',#2727,#2038,#3766,.T.);
#3766 = LINE('',#3767,#3768);
#3767 = CARTESIAN_POINT('',(20.2,32.6,43.4));
#3768 = VECTOR('',#3769,1.);
#3769 = DIRECTION('',(-0.,-0.,-1.));
#3770 = ORIENTED_EDGE('',*,*,#2037,.T.);
#3771 = ORIENTED_EDGE('',*,*,#2711,.F.);
#3772 = PLANE('',#3773);
#3773 = AXIS2_PLACEMENT_3D('',#3774,#3775,#3776);
#3774 = CARTESIAN_POINT('',(19.2,32.6,43.4));
#3775 = DIRECTION('',(0.,-1.,0.));
#3776 = DIRECTION('',(1.,0.,0.));
#3777 = ADVANCED_FACE('',(#3778),#3789,.T.);
#3778 = FACE_BOUND('',#3779,.T.);
#3779 = EDGE_LOOP('',(#3780,#3781,#3782,#3783));
#3780 = ORIENTED_EDGE('',*,*,#3051,.F.);
#3781 = ORIENTED_EDGE('',*,*,#3089,.T.);
#3782 = ORIENTED_EDGE('',*,*,#2224,.T.);
#3783 = ORIENTED_EDGE('',*,*,#3784,.F.);
#3784 = EDGE_CURVE('',#3052,#2217,#3785,.T.);
#3785 = LINE('',#3786,#3787);
#3786 = CARTESIAN_POINT('',(20.2,-30.6,43.4));
#3787 = VECTOR('',#3788,1.);
#3788 = DIRECTION('',(-0.,-0.,-1.));
#3789 = PLANE('',#3790);
#3790 = AXIS2_PLACEMENT_3D('',#3791,#3792,#3793);
#3791 = CARTESIAN_POINT('',(20.4,-30.6,43.4));
#3792 = DIRECTION('',(0.,1.,0.));
#3793 = DIRECTION('',(-1.,0.,0.));
#3794 = ADVANCED_FACE('',(#3795),#3814,.T.);
#3795 = FACE_BOUND('',#3796,.F.);
#3796 = EDGE_LOOP('',(#3797,#3798,#3806,#3812,#3813));
#3797 = ORIENTED_EDGE('',*,*,#3059,.F.);
#3798 = ORIENTED_EDGE('',*,*,#3799,.T.);
#3799 = EDGE_CURVE('',#3060,#3800,#3802,.T.);
#3800 = VERTEX_POINT('',#3801);
#3801 = CARTESIAN_POINT('',(19.2,-31.6,4.4));
#3802 = LINE('',#3803,#3804);
#3803 = CARTESIAN_POINT('',(19.2,-31.6,43.4));
#3804 = VECTOR('',#3805,1.);
#3805 = DIRECTION('',(-0.,-0.,-1.));
#3806 = ORIENTED_EDGE('',*,*,#3807,.T.);
#3807 = EDGE_CURVE('',#3800,#2209,#3808,.T.);
#3808 = LINE('',#3809,#3810);
#3809 = CARTESIAN_POINT('',(19.2,-31.6,43.4));
#3810 = VECTOR('',#3811,1.);
#3811 = DIRECTION('',(-0.,-0.,-1.));
#3812 = ORIENTED_EDGE('',*,*,#2216,.T.);
#3813 = ORIENTED_EDGE('',*,*,#3784,.F.);
#3814 = PLANE('',#3815);
#3815 = AXIS2_PLACEMENT_3D('',#3816,#3817,#3818);
#3816 = CARTESIAN_POINT('',(19.7,-31.1,43.4));
#3817 = DIRECTION('',(-0.707106781187,0.707106781187,0.));
#3818 = DIRECTION('',(0.,0.,1.));
#3819 = ADVANCED_FACE('',(#3820),#3838,.T.);
#3820 = FACE_BOUND('',#3821,.T.);
#3821 = EDGE_LOOP('',(#3822,#3830,#3836,#3837));
#3822 = ORIENTED_EDGE('',*,*,#3823,.F.);
#3823 = EDGE_CURVE('',#3824,#2201,#3826,.T.);
#3824 = VERTEX_POINT('',#3825);
#3825 = CARTESIAN_POINT('',(17.,-31.6,4.4));
#3826 = LINE('',#3827,#3828);
#3827 = CARTESIAN_POINT('',(17.,-31.6,43.4));
#3828 = VECTOR('',#3829,1.);
#3829 = DIRECTION('',(-0.,-0.,-1.));
#3830 = ORIENTED_EDGE('',*,*,#3831,.T.);
#3831 = EDGE_CURVE('',#3824,#3800,#3832,.T.);
#3832 = LINE('',#3833,#3834);
#3833 = CARTESIAN_POINT('',(17.,-31.6,4.4));
#3834 = VECTOR('',#3835,1.);
#3835 = DIRECTION('',(1.,3.23E-15,0.));
#3836 = ORIENTED_EDGE('',*,*,#3807,.T.);
#3837 = ORIENTED_EDGE('',*,*,#2208,.F.);
#3838 = PLANE('',#3839);
#3839 = AXIS2_PLACEMENT_3D('',#3840,#3841,#3842);
#3840 = CARTESIAN_POINT('',(17.,-31.6,3.4));
#3841 = DIRECTION('',(-3.23E-15,1.,0.));
#3842 = DIRECTION('',(1.,3.23E-15,0.));
#3843 = ADVANCED_FACE('',(#3844),#3861,.F.);
#3844 = FACE_BOUND('',#3845,.T.);
#3845 = EDGE_LOOP('',(#3846,#3847,#3853,#3854,#3855));
#3846 = ORIENTED_EDGE('',*,*,#3027,.F.);
#3847 = ORIENTED_EDGE('',*,*,#3848,.T.);
#3848 = EDGE_CURVE('',#3020,#3824,#3849,.T.);
#3849 = LINE('',#3850,#3851);
#3850 = CARTESIAN_POINT('',(17.,-31.6,43.4));
#3851 = VECTOR('',#3852,1.);
#3852 = DIRECTION('',(-0.,-0.,-1.));
#3853 = ORIENTED_EDGE('',*,*,#3823,.T.);
#3854 = ORIENTED_EDGE('',*,*,#2200,.T.);
#3855 = ORIENTED_EDGE('',*,*,#3856,.F.);
#3856 = EDGE_CURVE('',#3028,#2193,#3857,.T.);
#3857 = LINE('',#3858,#3859);
#3858 = CARTESIAN_POINT('',(16.,-30.6,43.4));
#3859 = VECTOR('',#3860,1.);
#3860 = DIRECTION('',(-0.,-0.,-1.));
#3861 = PLANE('',#3862);
#3862 = AXIS2_PLACEMENT_3D('',#3863,#3864,#3865);
#3863 = CARTESIAN_POINT('',(16.5,-31.1,43.4));
#3864 = DIRECTION('',(-0.707106781187,-0.707106781187,1.E-17));
#3865 = DIRECTION('',(7.071067811865E-18,7.071067811865E-18,1.));
#3866 = ADVANCED_FACE('',(#3867),#3873,.T.);
#3867 = FACE_BOUND('',#3868,.T.);
#3868 = EDGE_LOOP('',(#3869,#3870,#3871,#3872));
#3869 = ORIENTED_EDGE('',*,*,#3035,.F.);
#3870 = ORIENTED_EDGE('',*,*,#3856,.T.);
#3871 = ORIENTED_EDGE('',*,*,#2192,.T.);
#3872 = ORIENTED_EDGE('',*,*,#2995,.F.);
#3873 = PLANE('',#3874);
#3874 = AXIS2_PLACEMENT_3D('',#3875,#3876,#3877);
#3875 = CARTESIAN_POINT('',(17.,-30.6,43.4));
#3876 = DIRECTION('',(-2.96E-15,1.,0.));
#3877 = DIRECTION('',(-1.,-2.96E-15,0.));
#3878 = ADVANCED_FACE('',(#3879),#3898,.T.);
#3879 = FACE_BOUND('',#3880,.F.);
#3880 = EDGE_LOOP('',(#3881,#3882,#3883,#3892));
#3881 = ORIENTED_EDGE('',*,*,#2168,.T.);
#3882 = ORIENTED_EDGE('',*,*,#2978,.T.);
#3883 = ORIENTED_EDGE('',*,*,#3884,.F.);
#3884 = EDGE_CURVE('',#3885,#2947,#3887,.T.);
#3885 = VERTEX_POINT('',#3886);
#3886 = CARTESIAN_POINT('',(3.,-13.5,51.4));
#3887 = CIRCLE('',#3888,1.);
#3888 = AXIS2_PLACEMENT_3D('',#3889,#3890,#3891);
#3889 = CARTESIAN_POINT('',(3.,-14.5,51.4));
#3890 = DIRECTION('',(0.,0.,-1.));
#3891 = DIRECTION('',(0.,1.,0.));
#3892 = ORIENTED_EDGE('',*,*,#3893,.F.);
#3893 = EDGE_CURVE('',#2161,#3885,#3894,.T.);
#3894 = LINE('',#3895,#3896);
#3895 = CARTESIAN_POINT('',(3.,-13.5,3.4));
#3896 = VECTOR('',#3897,1.);
#3897 = DIRECTION('',(0.,0.,1.));
#3898 = CYLINDRICAL_SURFACE('',#3899,1.);
#3899 = AXIS2_PLACEMENT_3D('',#3900,#3901,#3902);
#3900 = CARTESIAN_POINT('',(3.,-14.5,3.4));
#3901 = DIRECTION('',(0.,0.,1.));
#3902 = DIRECTION('',(0.,1.,0.));
#3903 = ADVANCED_FACE('',(#3904),#3922,.T.);
#3904 = FACE_BOUND('',#3905,.T.);
#3905 = EDGE_LOOP('',(#3906,#3914,#3915,#3916));
#3906 = ORIENTED_EDGE('',*,*,#3907,.F.);
#3907 = EDGE_CURVE('',#3885,#3908,#3910,.T.);
#3908 = VERTEX_POINT('',#3909);
#3909 = CARTESIAN_POINT('',(2.,-13.5,51.4));
#3910 = LINE('',#3911,#3912);
#3911 = CARTESIAN_POINT('',(4.,-13.5,51.4));
#3912 = VECTOR('',#3913,1.);
#3913 = DIRECTION('',(-1.,-0.,-0.));
#3914 = ORIENTED_EDGE('',*,*,#3893,.F.);
#3915 = ORIENTED_EDGE('',*,*,#2160,.T.);
#3916 = ORIENTED_EDGE('',*,*,#3917,.F.);
#3917 = EDGE_CURVE('',#3908,#2152,#3918,.T.);
#3918 = LINE('',#3919,#3920);
#3919 = CARTESIAN_POINT('',(2.,-13.5,51.4));
#3920 = VECTOR('',#3921,1.);
#3921 = DIRECTION('',(0.,0.,-1.));
#3922 = PLANE('',#3923);
#3923 = AXIS2_PLACEMENT_3D('',#3924,#3925,#3926);
#3924 = CARTESIAN_POINT('',(4.,-13.5,3.4));
#3925 = DIRECTION('',(0.,1.,0.));
#3926 = DIRECTION('',(0.,0.,1.));
#3927 = ADVANCED_FACE('',(#3928),#3940,.T.);
#3928 = FACE_BOUND('',#3929,.F.);
#3929 = EDGE_LOOP('',(#3930,#3937,#3938,#3939));
#3930 = ORIENTED_EDGE('',*,*,#3931,.T.);
#3931 = EDGE_CURVE('',#3908,#3141,#3932,.T.);
#3932 = CIRCLE('',#3933,1.);
#3933 = AXIS2_PLACEMENT_3D('',#3934,#3935,#3936);
#3934 = CARTESIAN_POINT('',(2.,-14.5,51.4));
#3935 = DIRECTION('',(0.,-6.E-17,1.));
#3936 = DIRECTION('',(0.,1.,6.E-17));
#3937 = ORIENTED_EDGE('',*,*,#3148,.T.);
#3938 = ORIENTED_EDGE('',*,*,#2151,.F.);
#3939 = ORIENTED_EDGE('',*,*,#3917,.F.);
#3940 = CYLINDRICAL_SURFACE('',#3941,1.);
#3941 = AXIS2_PLACEMENT_3D('',#3942,#3943,#3944);
#3942 = CARTESIAN_POINT('',(2.,-14.5,51.4));
#3943 = DIRECTION('',(0.,0.,-1.));
#3944 = DIRECTION('',(0.,1.,0.));
#3945 = ADVANCED_FACE('',(#3946),#3965,.T.);
#3946 = FACE_BOUND('',#3947,.T.);
#3947 = EDGE_LOOP('',(#3948,#3949,#3957,#3964));
#3948 = ORIENTED_EDGE('',*,*,#2111,.T.);
#3949 = ORIENTED_EDGE('',*,*,#3950,.T.);
#3950 = EDGE_CURVE('',#2104,#3951,#3953,.T.);
#3951 = VERTEX_POINT('',#3952);
#3952 = CARTESIAN_POINT('',(2.,13.5,51.4));
#3953 = LINE('',#3954,#3955);
#3954 = CARTESIAN_POINT('',(2.,13.5,3.4));
#3955 = VECTOR('',#3956,1.);
#3956 = DIRECTION('',(0.,0.,1.));
#3957 = ORIENTED_EDGE('',*,*,#3958,.F.);
#3958 = EDGE_CURVE('',#2629,#3951,#3959,.T.);
#3959 = CIRCLE('',#3960,1.);
#3960 = AXIS2_PLACEMENT_3D('',#3961,#3962,#3963);
#3961 = CARTESIAN_POINT('',(2.,14.5,51.4));
#3962 = DIRECTION('',(0.,0.,1.));
#3963 = DIRECTION('',(-1.,0.,0.));
#3964 = ORIENTED_EDGE('',*,*,#2655,.F.);
#3965 = CYLINDRICAL_SURFACE('',#3966,1.);
#3966 = AXIS2_PLACEMENT_3D('',#3967,#3968,#3969);
#3967 = CARTESIAN_POINT('',(2.,14.5,3.4));
#3968 = DIRECTION('',(0.,0.,1.));
#3969 = DIRECTION('',(-1.,0.,0.));
#3970 = ADVANCED_FACE('',(#3971),#3989,.T.);
#3971 = FACE_BOUND('',#3972,.T.);
#3972 = EDGE_LOOP('',(#3973,#3981,#3982,#3983));
#3973 = ORIENTED_EDGE('',*,*,#3974,.T.);
#3974 = EDGE_CURVE('',#3975,#3951,#3977,.T.);
#3975 = VERTEX_POINT('',#3976);
#3976 = CARTESIAN_POINT('',(3.,13.5,51.4));
#3977 = LINE('',#3978,#3979);
#3978 = CARTESIAN_POINT('',(4.,13.5,51.4));
#3979 = VECTOR('',#3980,1.);
#3980 = DIRECTION('',(-1.,-0.,-0.));
#3981 = ORIENTED_EDGE('',*,*,#3950,.F.);
#3982 = ORIENTED_EDGE('',*,*,#2103,.F.);
#3983 = ORIENTED_EDGE('',*,*,#3984,.F.);
#3984 = EDGE_CURVE('',#3975,#2095,#3985,.T.);
#3985 = LINE('',#3986,#3987);
#3986 = CARTESIAN_POINT('',(3.,13.5,51.4));
#3987 = VECTOR('',#3988,1.);
#3988 = DIRECTION('',(0.,0.,-1.));
#3989 = PLANE('',#3990);
#3990 = AXIS2_PLACEMENT_3D('',#3991,#3992,#3993);
#3991 = CARTESIAN_POINT('',(4.,13.5,52.4));
#3992 = DIRECTION('',(0.,-1.,0.));
#3993 = DIRECTION('',(0.,0.,-1.));
#3994 = ADVANCED_FACE('',(#3995),#4007,.T.);
#3995 = FACE_BOUND('',#3996,.F.);
#3996 = EDGE_LOOP('',(#3997,#4004,#4005,#4006));
#3997 = ORIENTED_EDGE('',*,*,#3998,.T.);
#3998 = EDGE_CURVE('',#3975,#2905,#3999,.T.);
#3999 = CIRCLE('',#4000,1.);
#4000 = AXIS2_PLACEMENT_3D('',#4001,#4002,#4003);
#4001 = CARTESIAN_POINT('',(3.,14.5,51.4));
#4002 = DIRECTION('',(-0.,6.E-17,1.));
#4003 = DIRECTION('',(0.,-1.,6.E-17));
#4004 = ORIENTED_EDGE('',*,*,#2912,.T.);
#4005 = ORIENTED_EDGE('',*,*,#2094,.F.);
#4006 = ORIENTED_EDGE('',*,*,#3984,.F.);
#4007 = CYLINDRICAL_SURFACE('',#4008,1.);
#4008 = AXIS2_PLACEMENT_3D('',#4009,#4010,#4011);
#4009 = CARTESIAN_POINT('',(3.,14.5,51.4));
#4010 = DIRECTION('',(0.,0.,-1.));
#4011 = DIRECTION('',(0.,-1.,0.));
#4012 = ADVANCED_FACE('',(#4013),#4024,.T.);
#4013 = FACE_BOUND('',#4014,.T.);
#4014 = EDGE_LOOP('',(#4015,#4016,#4017,#4018));
#4015 = ORIENTED_EDGE('',*,*,#2846,.F.);
#4016 = ORIENTED_EDGE('',*,*,#2885,.T.);
#4017 = ORIENTED_EDGE('',*,*,#2071,.T.);
#4018 = ORIENTED_EDGE('',*,*,#4019,.F.);
#4019 = EDGE_CURVE('',#2847,#2064,#4020,.T.);
#4020 = LINE('',#4021,#4022);
#4021 = CARTESIAN_POINT('',(16.,32.6,43.4));
#4022 = VECTOR('',#4023,1.);
#4023 = DIRECTION('',(-0.,-0.,-1.));
#4024 = PLANE('',#4025);
#4025 = AXIS2_PLACEMENT_3D('',#4026,#4027,#4028);
#4026 = CARTESIAN_POINT('',(15.8,32.6,43.4));
#4027 = DIRECTION('',(0.,-1.,0.));
#4028 = DIRECTION('',(1.,0.,0.));
#4029 = ADVANCED_FACE('',(#4030),#4049,.F.);
#4030 = FACE_BOUND('',#4031,.F.);
#4031 = EDGE_LOOP('',(#4032,#4033,#4041,#4047,#4048));
#4032 = ORIENTED_EDGE('',*,*,#2854,.F.);
#4033 = ORIENTED_EDGE('',*,*,#4034,.T.);
#4034 = EDGE_CURVE('',#2855,#4035,#4037,.T.);
#4035 = VERTEX_POINT('',#4036);
#4036 = CARTESIAN_POINT('',(17.,33.6,4.4));
#4037 = LINE('',#4038,#4039);
#4038 = CARTESIAN_POINT('',(17.,33.6,43.4));
#4039 = VECTOR('',#4040,1.);
#4040 = DIRECTION('',(-0.,-0.,-1.));
#4041 = ORIENTED_EDGE('',*,*,#4042,.T.);
#4042 = EDGE_CURVE('',#4035,#2056,#4043,.T.);
#4043 = LINE('',#4044,#4045);
#4044 = CARTESIAN_POINT('',(17.,33.6,43.4));
#4045 = VECTOR('',#4046,1.);
#4046 = DIRECTION('',(-0.,-0.,-1.));
#4047 = ORIENTED_EDGE('',*,*,#2063,.T.);
#4048 = ORIENTED_EDGE('',*,*,#4019,.F.);
#4049 = PLANE('',#4050);
#4050 = AXIS2_PLACEMENT_3D('',#4051,#4052,#4053);
#4051 = CARTESIAN_POINT('',(16.5,33.1,43.4));
#4052 = DIRECTION('',(-0.707106781187,0.707106781187,0.));
#4053 = DIRECTION('',(0.,0.,-1.));
#4054 = ADVANCED_FACE('',(#4055),#4071,.T.);
#4055 = FACE_BOUND('',#4056,.T.);
#4056 = EDGE_LOOP('',(#4057,#4063,#4069,#4070));
#4057 = ORIENTED_EDGE('',*,*,#4058,.F.);
#4058 = EDGE_CURVE('',#2775,#2048,#4059,.T.);
#4059 = LINE('',#4060,#4061);
#4060 = CARTESIAN_POINT('',(19.2,33.6,43.4));
#4061 = VECTOR('',#4062,1.);
#4062 = DIRECTION('',(-0.,-0.,-1.));
#4063 = ORIENTED_EDGE('',*,*,#4064,.T.);
#4064 = EDGE_CURVE('',#2775,#4035,#4065,.T.);
#4065 = LINE('',#4066,#4067);
#4066 = CARTESIAN_POINT('',(19.2,33.6,4.4));
#4067 = VECTOR('',#4068,1.);
#4068 = DIRECTION('',(-1.,3.876E-14,0.));
#4069 = ORIENTED_EDGE('',*,*,#4042,.T.);
#4070 = ORIENTED_EDGE('',*,*,#2055,.F.);
#4071 = PLANE('',#4072);
#4072 = AXIS2_PLACEMENT_3D('',#4073,#4074,#4075);
#4073 = CARTESIAN_POINT('',(19.2,33.6,3.4));
#4074 = DIRECTION('',(-3.876E-14,-1.,0.));
#4075 = DIRECTION('',(-1.,3.876E-14,0.));
#4076 = ADVANCED_FACE('',(#4077),#4084,.T.);
#4077 = FACE_BOUND('',#4078,.F.);
#4078 = EDGE_LOOP('',(#4079,#4080,#4081,#4082,#4083));
#4079 = ORIENTED_EDGE('',*,*,#2752,.F.);
#4080 = ORIENTED_EDGE('',*,*,#3765,.T.);
#4081 = ORIENTED_EDGE('',*,*,#2047,.T.);
#4082 = ORIENTED_EDGE('',*,*,#4058,.F.);
#4083 = ORIENTED_EDGE('',*,*,#2782,.F.);
#4084 = PLANE('',#4085);
#4085 = AXIS2_PLACEMENT_3D('',#4086,#4087,#4088);
#4086 = CARTESIAN_POINT('',(19.7,33.1,43.4));
#4087 = DIRECTION('',(-0.707106781187,-0.707106781187,0.));
#4088 = DIRECTION('',(0.,0.,1.));
#4089 = ADVANCED_FACE('',(#4090),#4115,.F.);
#4090 = FACE_BOUND('',#4091,.F.);
#4091 = EDGE_LOOP('',(#4092,#4093,#4101,#4109));
#4092 = ORIENTED_EDGE('',*,*,#2251,.T.);
#4093 = ORIENTED_EDGE('',*,*,#4094,.T.);
#4094 = EDGE_CURVE('',#2254,#4095,#4097,.T.);
#4095 = VERTEX_POINT('',#4096);
#4096 = CARTESIAN_POINT('',(-59.,-16.,38.));
#4097 = LINE('',#4098,#4099);
#4098 = CARTESIAN_POINT('',(-59.,-16.,3.));
#4099 = VECTOR('',#4100,1.);
#4100 = DIRECTION('',(0.,0.,1.));
#4101 = ORIENTED_EDGE('',*,*,#4102,.T.);
#4102 = EDGE_CURVE('',#4095,#4103,#4105,.T.);
#4103 = VERTEX_POINT('',#4104);
#4104 = CARTESIAN_POINT('',(-57.,-16.,38.));
#4105 = LINE('',#4106,#4107);
#4106 = CARTESIAN_POINT('',(-59.,-16.,38.));
#4107 = VECTOR('',#4108,1.);
#4108 = DIRECTION('',(1.,0.,0.));
#4109 = ORIENTED_EDGE('',*,*,#4110,.F.);
#4110 = EDGE_CURVE('',#2252,#4103,#4111,.T.);
#4111 = LINE('',#4112,#4113);
#4112 = CARTESIAN_POINT('',(-57.,-16.,3.));
#4113 = VECTOR('',#4114,1.);
#4114 = DIRECTION('',(0.,0.,1.));
#4115 = PLANE('',#4116);
#4116 = AXIS2_PLACEMENT_3D('',#4117,#4118,#4119);
#4117 = CARTESIAN_POINT('',(-59.,-16.,3.));
#4118 = DIRECTION('',(0.,1.,0.));
#4119 = DIRECTION('',(1.,0.,0.));
#4120 = ADVANCED_FACE('',(#4121),#4139,.F.);
#4121 = FACE_BOUND('',#4122,.F.);
#4122 = EDGE_LOOP('',(#4123,#4124,#4125,#4133));
#4123 = ORIENTED_EDGE('',*,*,#2277,.T.);
#4124 = ORIENTED_EDGE('',*,*,#4110,.T.);
#4125 = ORIENTED_EDGE('',*,*,#4126,.T.);
#4126 = EDGE_CURVE('',#4103,#4127,#4129,.T.);
#4127 = VERTEX_POINT('',#4128);
#4128 = CARTESIAN_POINT('',(-57.,16.,38.));
#4129 = LINE('',#4130,#4131);
#4130 = CARTESIAN_POINT('',(-57.,-16.,38.));
#4131 = VECTOR('',#4132,1.);
#4132 = DIRECTION('',(0.,1.,0.));
#4133 = ORIENTED_EDGE('',*,*,#4134,.F.);
#4134 = EDGE_CURVE('',#2270,#4127,#4135,.T.);
#4135 = LINE('',#4136,#4137);
#4136 = CARTESIAN_POINT('',(-57.,16.,3.));
#4137 = VECTOR('',#4138,1.);
#4138 = DIRECTION('',(0.,0.,1.));
#4139 = PLANE('',#4140);
#4140 = AXIS2_PLACEMENT_3D('',#4141,#4142,#4143);
#4141 = CARTESIAN_POINT('',(-57.,-16.,3.));
#4142 = DIRECTION('',(-1.,0.,0.));
#4143 = DIRECTION('',(0.,1.,0.));
#4144 = ADVANCED_FACE('',(#4145),#4163,.F.);
#4145 = FACE_BOUND('',#4146,.F.);
#4146 = EDGE_LOOP('',(#4147,#4148,#4156,#4162));
#4147 = ORIENTED_EDGE('',*,*,#2261,.T.);
#4148 = ORIENTED_EDGE('',*,*,#4149,.T.);
#4149 = EDGE_CURVE('',#2262,#4150,#4152,.T.);
#4150 = VERTEX_POINT('',#4151);
#4151 = CARTESIAN_POINT('',(-59.,16.,38.));
#4152 = LINE('',#4153,#4154);
#4153 = CARTESIAN_POINT('',(-59.,16.,3.));
#4154 = VECTOR('',#4155,1.);
#4155 = DIRECTION('',(0.,0.,1.));
#4156 = ORIENTED_EDGE('',*,*,#4157,.T.);
#4157 = EDGE_CURVE('',#4150,#4095,#4158,.T.);
#4158 = LINE('',#4159,#4160);
#4159 = CARTESIAN_POINT('',(-59.,16.,38.));
#4160 = VECTOR('',#4161,1.);
#4161 = DIRECTION('',(0.,-1.,0.));
#4162 = ORIENTED_EDGE('',*,*,#4094,.F.);
#4163 = PLANE('',#4164);
#4164 = AXIS2_PLACEMENT_3D('',#4165,#4166,#4167);
#4165 = CARTESIAN_POINT('',(-59.,16.,3.));
#4166 = DIRECTION('',(1.,0.,0.));
#4167 = DIRECTION('',(0.,-1.,0.));
#4168 = ADVANCED_FACE('',(#4169),#4180,.F.);
#4169 = FACE_BOUND('',#4170,.F.);
#4170 = EDGE_LOOP('',(#4171,#4172,#4173,#4179));
#4171 = ORIENTED_EDGE('',*,*,#2269,.T.);
#4172 = ORIENTED_EDGE('',*,*,#4134,.T.);
#4173 = ORIENTED_EDGE('',*,*,#4174,.T.);
#4174 = EDGE_CURVE('',#4127,#4150,#4175,.T.);
#4175 = LINE('',#4176,#4177);
#4176 = CARTESIAN_POINT('',(-57.,16.,38.));
#4177 = VECTOR('',#4178,1.);
#4178 = DIRECTION('',(-1.,0.,0.));
#4179 = ORIENTED_EDGE('',*,*,#4149,.F.);
#4180 = PLANE('',#4181);
#4181 = AXIS2_PLACEMENT_3D('',#4182,#4183,#4184);
#4182 = CARTESIAN_POINT('',(-57.,16.,3.));
#4183 = DIRECTION('',(0.,-1.,0.));
#4184 = DIRECTION('',(-1.,0.,0.));
#4185 = ADVANCED_FACE('',(#4186),#4211,.F.);
#4186 = FACE_BOUND('',#4187,.F.);
#4187 = EDGE_LOOP('',(#4188,#4189,#4197,#4205));
#4188 = ORIENTED_EDGE('',*,*,#2285,.T.);
#4189 = ORIENTED_EDGE('',*,*,#4190,.T.);
#4190 = EDGE_CURVE('',#2288,#4191,#4193,.T.);
#4191 = VERTEX_POINT('',#4192);
#4192 = CARTESIAN_POINT('',(-11.,-16.,38.));
#4193 = LINE('',#4194,#4195);
#4194 = CARTESIAN_POINT('',(-11.,-16.,3.));
#4195 = VECTOR('',#4196,1.);
#4196 = DIRECTION('',(0.,0.,1.));
#4197 = ORIENTED_EDGE('',*,*,#4198,.T.);
#4198 = EDGE_CURVE('',#4191,#4199,#4201,.T.);
#4199 = VERTEX_POINT('',#4200);
#4200 = CARTESIAN_POINT('',(-9.,-16.,38.));
#4201 = LINE('',#4202,#4203);
#4202 = CARTESIAN_POINT('',(-11.,-16.,38.));
#4203 = VECTOR('',#4204,1.);
#4204 = DIRECTION('',(1.,0.,0.));
#4205 = ORIENTED_EDGE('',*,*,#4206,.F.);
#4206 = EDGE_CURVE('',#2286,#4199,#4207,.T.);
#4207 = LINE('',#4208,#4209);
#4208 = CARTESIAN_POINT('',(-9.,-16.,3.));
#4209 = VECTOR('',#4210,1.);
#4210 = DIRECTION('',(0.,0.,1.));
#4211 = PLANE('',#4212);
#4212 = AXIS2_PLACEMENT_3D('',#4213,#4214,#4215);
#4213 = CARTESIAN_POINT('',(-11.,-16.,3.));
#4214 = DIRECTION('',(0.,1.,0.));
#4215 = DIRECTION('',(1.,0.,0.));
#4216 = ADVANCED_FACE('',(#4217),#4235,.F.);
#4217 = FACE_BOUND('',#4218,.F.);
#4218 = EDGE_LOOP('',(#4219,#4220,#4221,#4229));
#4219 = ORIENTED_EDGE('',*,*,#2311,.T.);
#4220 = ORIENTED_EDGE('',*,*,#4206,.T.);
#4221 = ORIENTED_EDGE('',*,*,#4222,.T.);
#4222 = EDGE_CURVE('',#4199,#4223,#4225,.T.);
#4223 = VERTEX_POINT('',#4224);
#4224 = CARTESIAN_POINT('',(-9.,16.,38.));
#4225 = LINE('',#4226,#4227);
#4226 = CARTESIAN_POINT('',(-9.,-16.,38.));
#4227 = VECTOR('',#4228,1.);
#4228 = DIRECTION('',(0.,1.,0.));
#4229 = ORIENTED_EDGE('',*,*,#4230,.F.);
#4230 = EDGE_CURVE('',#2304,#4223,#4231,.T.);
#4231 = LINE('',#4232,#4233);
#4232 = CARTESIAN_POINT('',(-9.,16.,3.));
#4233 = VECTOR('',#4234,1.);
#4234 = DIRECTION('',(0.,0.,1.));
#4235 = PLANE('',#4236);
#4236 = AXIS2_PLACEMENT_3D('',#4237,#4238,#4239);
#4237 = CARTESIAN_POINT('',(-9.,-16.,3.));
#4238 = DIRECTION('',(-1.,0.,0.));
#4239 = DIRECTION('',(0.,1.,0.));
#4240 = ADVANCED_FACE('',(#4241),#4259,.F.);
#4241 = FACE_BOUND('',#4242,.F.);
#4242 = EDGE_LOOP('',(#4243,#4244,#4252,#4258));
#4243 = ORIENTED_EDGE('',*,*,#2295,.T.);
#4244 = ORIENTED_EDGE('',*,*,#4245,.T.);
#4245 = EDGE_CURVE('',#2296,#4246,#4248,.T.);
#4246 = VERTEX_POINT('',#4247);
#4247 = CARTESIAN_POINT('',(-11.,16.,38.));
#4248 = LINE('',#4249,#4250);
#4249 = CARTESIAN_POINT('',(-11.,16.,3.));
#4250 = VECTOR('',#4251,1.);
#4251 = DIRECTION('',(0.,0.,1.));
#4252 = ORIENTED_EDGE('',*,*,#4253,.T.);
#4253 = EDGE_CURVE('',#4246,#4191,#4254,.T.);
#4254 = LINE('',#4255,#4256);
#4255 = CARTESIAN_POINT('',(-11.,16.,38.));
#4256 = VECTOR('',#4257,1.);
#4257 = DIRECTION('',(0.,-1.,0.));
#4258 = ORIENTED_EDGE('',*,*,#4190,.F.);
#4259 = PLANE('',#4260);
#4260 = AXIS2_PLACEMENT_3D('',#4261,#4262,#4263);
#4261 = CARTESIAN_POINT('',(-11.,16.,3.));
#4262 = DIRECTION('',(1.,0.,0.));
#4263 = DIRECTION('',(0.,-1.,0.));
#4264 = ADVANCED_FACE('',(#4265),#4276,.F.);
#4265 = FACE_BOUND('',#4266,.F.);
#4266 = EDGE_LOOP('',(#4267,#4268,#4269,#4275));
#4267 = ORIENTED_EDGE('',*,*,#2303,.T.);
#4268 = ORIENTED_EDGE('',*,*,#4230,.T.);
#4269 = ORIENTED_EDGE('',*,*,#4270,.T.);
#4270 = EDGE_CURVE('',#4223,#4246,#4271,.T.);
#4271 = LINE('',#4272,#4273);
#4272 = CARTESIAN_POINT('',(-9.,16.,38.));
#4273 = VECTOR('',#4274,1.);
#4274 = DIRECTION('',(-1.,0.,0.));
#4275 = ORIENTED_EDGE('',*,*,#4245,.F.);
#4276 = PLANE('',#4277);
#4277 = AXIS2_PLACEMENT_3D('',#4278,#4279,#4280);
#4278 = CARTESIAN_POINT('',(-9.,16.,3.));
#4279 = DIRECTION('',(0.,-1.,0.));
#4280 = DIRECTION('',(-1.,0.,0.));
#4281 = ADVANCED_FACE('',(#4282),#4300,.T.);
#4282 = FACE_BOUND('',#4283,.F.);
#4283 = EDGE_LOOP('',(#4284,#4285,#4292,#4293));
#4284 = ORIENTED_EDGE('',*,*,#2597,.F.);
#4285 = ORIENTED_EDGE('',*,*,#4286,.T.);
#4286 = EDGE_CURVE('',#2598,#3975,#4287,.T.);
#4287 = CIRCLE('',#4288,1.);
#4288 = AXIS2_PLACEMENT_3D('',#4289,#4290,#4291);
#4289 = CARTESIAN_POINT('',(3.,14.5,51.4));
#4290 = DIRECTION('',(1.,0.,-0.));
#4291 = DIRECTION('',(0.,0.,1.));
#4292 = ORIENTED_EDGE('',*,*,#3974,.T.);
#4293 = ORIENTED_EDGE('',*,*,#4294,.T.);
#4294 = EDGE_CURVE('',#3951,#2600,#4295,.T.);
#4295 = CIRCLE('',#4296,1.);
#4296 = AXIS2_PLACEMENT_3D('',#4297,#4298,#4299);
#4297 = CARTESIAN_POINT('',(2.,14.5,51.4));
#4298 = DIRECTION('',(-1.,0.,0.));
#4299 = DIRECTION('',(0.,-1.,0.));
#4300 = CYLINDRICAL_SURFACE('',#4301,1.);
#4301 = AXIS2_PLACEMENT_3D('',#4302,#4303,#4304);
#4302 = CARTESIAN_POINT('',(4.,14.5,51.4));
#4303 = DIRECTION('',(-1.,-0.,-0.));
#4304 = DIRECTION('',(0.,0.,1.));
#4305 = ADVANCED_FACE('',(#4306),#4311,.T.);
#4306 = FACE_BOUND('',#4307,.F.);
#4307 = EDGE_LOOP('',(#4308,#4309,#4310));
#4308 = ORIENTED_EDGE('',*,*,#3958,.F.);
#4309 = ORIENTED_EDGE('',*,*,#2628,.T.);
#4310 = ORIENTED_EDGE('',*,*,#4294,.F.);
#4311 = SPHERICAL_SURFACE('',#4312,1.);
#4312 = AXIS2_PLACEMENT_3D('',#4313,#4314,#4315);
#4313 = CARTESIAN_POINT('',(2.,14.5,51.4));
#4314 = DIRECTION('',(1.,0.,0.));
#4315 = DIRECTION('',(0.,-1.,0.));
#4316 = ADVANCED_FACE('',(#4317),#4335,.T.);
#4317 = FACE_BOUND('',#4318,.T.);
#4318 = EDGE_LOOP('',(#4319,#4327,#4328,#4329));
#4319 = ORIENTED_EDGE('',*,*,#4320,.F.);
#4320 = EDGE_CURVE('',#4035,#4321,#4323,.T.);
#4321 = VERTEX_POINT('',#4322);
#4322 = CARTESIAN_POINT('',(17.,36.6,4.4));
#4323 = LINE('',#4324,#4325);
#4324 = CARTESIAN_POINT('',(17.,33.6,4.4));
#4325 = VECTOR('',#4326,1.);
#4326 = DIRECTION('',(0.,1.,0.));
#4327 = ORIENTED_EDGE('',*,*,#4064,.F.);
#4328 = ORIENTED_EDGE('',*,*,#2774,.F.);
#4329 = ORIENTED_EDGE('',*,*,#4330,.T.);
#4330 = EDGE_CURVE('',#2767,#4321,#4331,.T.);
#4331 = LINE('',#4332,#4333);
#4332 = CARTESIAN_POINT('',(19.2,36.6,4.4));
#4333 = VECTOR('',#4334,1.);
#4334 = DIRECTION('',(-1.,0.,0.));
#4335 = PLANE('',#4336);
#4336 = AXIS2_PLACEMENT_3D('',#4337,#4338,#4339);
#4337 = CARTESIAN_POINT('',(18.1,-2.8125,4.4));
#4338 = DIRECTION('',(0.,0.,1.));
#4339 = DIRECTION('',(1.,0.,0.));
#4340 = ADVANCED_FACE('',(#4341),#4352,.T.);
#4341 = FACE_BOUND('',#4342,.T.);
#4342 = EDGE_LOOP('',(#4343,#4344,#4345,#4351));
#4343 = ORIENTED_EDGE('',*,*,#2822,.T.);
#4344 = ORIENTED_EDGE('',*,*,#2870,.T.);
#4345 = ORIENTED_EDGE('',*,*,#4346,.F.);
#4346 = EDGE_CURVE('',#4321,#2863,#4347,.T.);
#4347 = LINE('',#4348,#4349);
#4348 = CARTESIAN_POINT('',(17.,36.6,4.4));
#4349 = VECTOR('',#4350,1.);
#4350 = DIRECTION('',(0.,0.,1.));
#4351 = ORIENTED_EDGE('',*,*,#4330,.F.);
#4352 = PLANE('',#4353);
#4353 = AXIS2_PLACEMENT_3D('',#4354,#4355,#4356);
#4354 = CARTESIAN_POINT('',(19.2,36.6,4.4));
#4355 = DIRECTION('',(0.,-1.,0.));
#4356 = DIRECTION('',(-1.,0.,0.));
#4357 = ADVANCED_FACE('',(#4358),#4364,.F.);
#4358 = FACE_BOUND('',#4359,.F.);
#4359 = EDGE_LOOP('',(#4360,#4361,#4362,#4363));
#4360 = ORIENTED_EDGE('',*,*,#4320,.F.);
#4361 = ORIENTED_EDGE('',*,*,#4034,.F.);
#4362 = ORIENTED_EDGE('',*,*,#2862,.T.);
#4363 = ORIENTED_EDGE('',*,*,#4346,.F.);
#4364 = PLANE('',#4365);
#4365 = AXIS2_PLACEMENT_3D('',#4366,#4367,#4368);
#4366 = CARTESIAN_POINT('',(17.,-41.6,43.4));
#4367 = DIRECTION('',(-1.,0.,0.));
#4368 = DIRECTION('',(-0.,-2.2E-16,-1.));
#4369 = ADVANCED_FACE('',(#4370),#4375,.T.);
#4370 = FACE_BOUND('',#4371,.T.);
#4371 = EDGE_LOOP('',(#4372,#4373,#4374));
#4372 = ORIENTED_EDGE('',*,*,#2928,.F.);
#4373 = ORIENTED_EDGE('',*,*,#4286,.T.);
#4374 = ORIENTED_EDGE('',*,*,#3998,.T.);
#4375 = SPHERICAL_SURFACE('',#4376,1.);
#4376 = AXIS2_PLACEMENT_3D('',#4377,#4378,#4379);
#4377 = CARTESIAN_POINT('',(3.,14.5,51.4));
#4378 = DIRECTION('',(1.,0.,0.));
#4379 = DIRECTION('',(0.,0.,1.));
#4380 = ADVANCED_FACE('',(#4381),#4392,.T.);
#4381 = FACE_BOUND('',#4382,.T.);
#4382 = EDGE_LOOP('',(#4383,#4384,#4391));
#4383 = ORIENTED_EDGE('',*,*,#3884,.F.);
#4384 = ORIENTED_EDGE('',*,*,#4385,.T.);
#4385 = EDGE_CURVE('',#3885,#2945,#4386,.T.);
#4386 = CIRCLE('',#4387,1.);
#4387 = AXIS2_PLACEMENT_3D('',#4388,#4389,#4390);
#4388 = CARTESIAN_POINT('',(3.,-14.5,51.4));
#4389 = DIRECTION('',(1.,0.,0.));
#4390 = DIRECTION('',(0.,1.,0.));
#4391 = ORIENTED_EDGE('',*,*,#2944,.T.);
#4392 = SPHERICAL_SURFACE('',#4393,1.);
#4393 = AXIS2_PLACEMENT_3D('',#4394,#4395,#4396);
#4394 = CARTESIAN_POINT('',(3.,-14.5,51.4));
#4395 = DIRECTION('',(1.,0.,0.));
#4396 = DIRECTION('',(0.,1.,0.));
#4397 = ADVANCED_FACE('',(#4398),#4416,.F.);
#4398 = FACE_BOUND('',#4399,.F.);
#4399 = EDGE_LOOP('',(#4400,#4408,#4414,#4415));
#4400 = ORIENTED_EDGE('',*,*,#4401,.F.);
#4401 = EDGE_CURVE('',#4402,#3824,#4404,.T.);
#4402 = VERTEX_POINT('',#4403);
#4403 = CARTESIAN_POINT('',(17.,-36.6,4.4));
#4404 = LINE('',#4405,#4406);
#4405 = CARTESIAN_POINT('',(17.,-41.6,4.4));
#4406 = VECTOR('',#4407,1.);
#4407 = DIRECTION('',(0.,1.,0.));
#4408 = ORIENTED_EDGE('',*,*,#4409,.T.);
#4409 = EDGE_CURVE('',#4402,#3018,#4410,.T.);
#4410 = LINE('',#4411,#4412);
#4411 = CARTESIAN_POINT('',(17.,-36.6,4.4));
#4412 = VECTOR('',#4413,1.);
#4413 = DIRECTION('',(0.,0.,1.));
#4414 = ORIENTED_EDGE('',*,*,#3017,.T.);
#4415 = ORIENTED_EDGE('',*,*,#3848,.T.);
#4416 = PLANE('',#4417);
#4417 = AXIS2_PLACEMENT_3D('',#4418,#4419,#4420);
#4418 = CARTESIAN_POINT('',(17.,-41.6,43.4));
#4419 = DIRECTION('',(-1.,0.,0.));
#4420 = DIRECTION('',(-0.,-2.2E-16,-1.));
#4421 = ADVANCED_FACE('',(#4422),#4440,.T.);
#4422 = FACE_BOUND('',#4423,.T.);
#4423 = EDGE_LOOP('',(#4424,#4425,#4426,#4434));
#4424 = ORIENTED_EDGE('',*,*,#3067,.F.);
#4425 = ORIENTED_EDGE('',*,*,#3799,.T.);
#4426 = ORIENTED_EDGE('',*,*,#4427,.T.);
#4427 = EDGE_CURVE('',#3800,#4428,#4430,.T.);
#4428 = VERTEX_POINT('',#4429);
#4429 = CARTESIAN_POINT('',(19.2,-36.6,4.4));
#4430 = LINE('',#4431,#4432);
#4431 = CARTESIAN_POINT('',(19.2,-31.6,4.4));
#4432 = VECTOR('',#4433,1.);
#4433 = DIRECTION('',(0.,-1.,0.));
#4434 = ORIENTED_EDGE('',*,*,#4435,.T.);
#4435 = EDGE_CURVE('',#4428,#3068,#4436,.T.);
#4436 = LINE('',#4437,#4438);
#4437 = CARTESIAN_POINT('',(19.2,-36.6,4.4));
#4438 = VECTOR('',#4439,1.);
#4439 = DIRECTION('',(0.,0.,1.));
#4440 = PLANE('',#4441);
#4441 = AXIS2_PLACEMENT_3D('',#4442,#4443,#4444);
#4442 = CARTESIAN_POINT('',(19.2,41.6,3.4));
#4443 = DIRECTION('',(-1.,0.,0.));
#4444 = DIRECTION('',(0.,2.2E-16,1.));
#4445 = ADVANCED_FACE('',(#4446),#4457,.F.);
#4446 = FACE_BOUND('',#4447,.F.);
#4447 = EDGE_LOOP('',(#4448,#4449,#4450,#4451));
#4448 = ORIENTED_EDGE('',*,*,#4435,.T.);
#4449 = ORIENTED_EDGE('',*,*,#3075,.T.);
#4450 = ORIENTED_EDGE('',*,*,#4409,.F.);
#4451 = ORIENTED_EDGE('',*,*,#4452,.F.);
#4452 = EDGE_CURVE('',#4428,#4402,#4453,.T.);
#4453 = LINE('',#4454,#4455);
#4454 = CARTESIAN_POINT('',(19.2,-36.6,4.4));
#4455 = VECTOR('',#4456,1.);
#4456 = DIRECTION('',(-1.,0.,0.));
#4457 = PLANE('',#4458);
#4458 = AXIS2_PLACEMENT_3D('',#4459,#4460,#4461);
#4459 = CARTESIAN_POINT('',(19.2,-36.6,4.4));
#4460 = DIRECTION('',(0.,-1.,0.));
#4461 = DIRECTION('',(-1.,0.,0.));
#4462 = ADVANCED_FACE('',(#4463),#4474,.T.);
#4463 = FACE_BOUND('',#4464,.T.);
#4464 = EDGE_LOOP('',(#4465,#4466,#4473));
#4465 = ORIENTED_EDGE('',*,*,#3164,.F.);
#4466 = ORIENTED_EDGE('',*,*,#4467,.T.);
#4467 = EDGE_CURVE('',#3165,#3908,#4468,.T.);
#4468 = CIRCLE('',#4469,1.);
#4469 = AXIS2_PLACEMENT_3D('',#4470,#4471,#4472);
#4470 = CARTESIAN_POINT('',(2.,-14.5,51.4));
#4471 = DIRECTION('',(-1.,0.,0.));
#4472 = DIRECTION('',(0.,0.,1.));
#4473 = ORIENTED_EDGE('',*,*,#3931,.T.);
#4474 = SPHERICAL_SURFACE('',#4475,1.);
#4475 = AXIS2_PLACEMENT_3D('',#4476,#4477,#4478);
#4476 = CARTESIAN_POINT('',(2.,-14.5,51.4));
#4477 = DIRECTION('',(-1.,0.,0.));
#4478 = DIRECTION('',(0.,0.,1.));
#4479 = ADVANCED_FACE('',(#4480),#4486,.T.);
#4480 = FACE_BOUND('',#4481,.F.);
#4481 = EDGE_LOOP('',(#4482,#4483,#4484,#4485));
#4482 = ORIENTED_EDGE('',*,*,#3907,.F.);
#4483 = ORIENTED_EDGE('',*,*,#4385,.T.);
#4484 = ORIENTED_EDGE('',*,*,#3187,.T.);
#4485 = ORIENTED_EDGE('',*,*,#4467,.T.);
#4486 = CYLINDRICAL_SURFACE('',#4487,1.);
#4487 = AXIS2_PLACEMENT_3D('',#4488,#4489,#4490);
#4488 = CARTESIAN_POINT('',(4.,-14.5,51.4));
#4489 = DIRECTION('',(-1.,-0.,-0.));
#4490 = DIRECTION('',(0.,1.,0.));
#4491 = ADVANCED_FACE('',(#4492),#4502,.F.);
#4492 = FACE_BOUND('',#4493,.F.);
#4493 = EDGE_LOOP('',(#4494,#4495,#4496,#4497,#4498,#4499,#4500,#4501));
#4494 = ORIENTED_EDGE('',*,*,#3558,.T.);
#4495 = ORIENTED_EDGE('',*,*,#3530,.T.);
#4496 = ORIENTED_EDGE('',*,*,#3507,.T.);
#4497 = ORIENTED_EDGE('',*,*,#3599,.T.);
#4498 = ORIENTED_EDGE('',*,*,#3660,.T.);
#4499 = ORIENTED_EDGE('',*,*,#3675,.T.);
#4500 = ORIENTED_EDGE('',*,*,#3635,.T.);
#4501 = ORIENTED_EDGE('',*,*,#3581,.T.);
#4502 = PLANE('',#4503);
#4503 = AXIS2_PLACEMENT_3D('',#4504,#4505,#4506);
#4504 = CARTESIAN_POINT('',(-12.5,1.5E-16,0.));
#4505 = DIRECTION('',(0.,0.,1.));
#4506 = DIRECTION('',(1.,0.,0.));
#4507 = ADVANCED_FACE('',(#4508),#4514,.T.);
#4508 = FACE_BOUND('',#4509,.T.);
#4509 = EDGE_LOOP('',(#4510,#4511,#4512,#4513));
#4510 = ORIENTED_EDGE('',*,*,#3831,.F.);
#4511 = ORIENTED_EDGE('',*,*,#4401,.F.);
#4512 = ORIENTED_EDGE('',*,*,#4452,.F.);
#4513 = ORIENTED_EDGE('',*,*,#4427,.F.);
#4514 = PLANE('',#4515);
#4515 = AXIS2_PLACEMENT_3D('',#4516,#4517,#4518);
#4516 = CARTESIAN_POINT('',(18.1,-2.8125,4.4));
#4517 = DIRECTION('',(0.,0.,1.));
#4518 = DIRECTION('',(1.,0.,0.));
#4519 = ADVANCED_FACE('',(#4520),#4526,.T.);
#4520 = FACE_BOUND('',#4521,.T.);
#4521 = EDGE_LOOP('',(#4522,#4523,#4524,#4525));
#4522 = ORIENTED_EDGE('',*,*,#4157,.T.);
#4523 = ORIENTED_EDGE('',*,*,#4102,.T.);
#4524 = ORIENTED_EDGE('',*,*,#4126,.T.);
#4525 = ORIENTED_EDGE('',*,*,#4174,.T.);
#4526 = PLANE('',#4527);
#4527 = AXIS2_PLACEMENT_3D('',#4528,#4529,#4530);
#4528 = CARTESIAN_POINT('',(-34.,0.,38.));
#4529 = DIRECTION('',(0.,0.,1.));
#4530 = DIRECTION('',(1.,0.,0.));
#4531 = ADVANCED_FACE('',(#4532),#4538,.T.);
#4532 = FACE_BOUND('',#4533,.T.);
#4533 = EDGE_LOOP('',(#4534,#4535,#4536,#4537));
#4534 = ORIENTED_EDGE('',*,*,#4253,.T.);
#4535 = ORIENTED_EDGE('',*,*,#4198,.T.);
#4536 = ORIENTED_EDGE('',*,*,#4222,.T.);
#4537 = ORIENTED_EDGE('',*,*,#4270,.T.);
#4538 = PLANE('',#4539);
#4539 = AXIS2_PLACEMENT_3D('',#4540,#4541,#4542);
#4540 = CARTESIAN_POINT('',(-34.,0.,38.));
#4541 = DIRECTION('',(0.,0.,1.));
#4542 = DIRECTION('',(1.,0.,0.));
#4543 = ( GEOMETRIC_REPRESENTATION_CONTEXT(3) 
GLOBAL_UNCERTAINTY_ASSIGNED_CONTEXT((#4547)) 
GLOBAL_UNIT_ASSIGNED_CONTEXT((#4544,#4545,#4546)) REPRESENTATION_CONTEXT
('Context #1','3D Context with UNIT and UNCERTAINTY') );
#4544 = ( LENGTH_UNIT() NAMED_UNIT(*) SI_UNIT(.MILLI.,.METRE.) );
#4545 = ( NAMED_UNIT(*) PLANE_ANGLE_UNIT() SI_UNIT($,.RADIAN.) );
#4546 = ( NAMED_UNIT(*) SI_UNIT($,.STERADIAN.) SOLID_ANGLE_UNIT() );
#4547 = UNCERTAINTY_MEASURE_WITH_UNIT(LENGTH_MEASURE(2.E-05),#4544,
  'distance_accuracy_value','confusion accuracy');
#4548 = CONTEXT_DEPENDENT_SHAPE_REPRESENTATION(#4549,#4551);
#4549 = ( REPRESENTATION_RELATIONSHIP('','',#36,#10) 
REPRESENTATION_RELATIONSHIP_WITH_TRANSFORMATION(#4550) 
SHAPE_REPRESENTATION_RELATIONSHIP() );
#4550 = ITEM_DEFINED_TRANSFORMATION('','',#11,#15);
#4551 = PRODUCT_DEFINITION_SHAPE('Placement','Placement of an item',
  #4552);
#4552 = NEXT_ASSEMBLY_USAGE_OCCURRENCE('3','Body','',#5,#31,$);
#4553 = PRODUCT_RELATED_PRODUCT_CATEGORY('part',$,(#33));
#4554 = SHAPE_DEFINITION_REPRESENTATION(#4555,#4561);
#4555 = PRODUCT_DEFINITION_SHAPE('','',#4556);
#4556 = PRODUCT_DEFINITION('design','',#4557,#4560);
#4557 = PRODUCT_DEFINITION_FORMATION('','',#4558);
#4558 = PRODUCT('Lid','Lid','',(#4559));
#4559 = PRODUCT_CONTEXT('',#2,'mechanical');
#4560 = PRODUCT_DEFINITION_CONTEXT('part definition',#2,'design');
#4561 = ADVANCED_BREP_SHAPE_REPRESENTATION('',(#11,#4562),#5601);
#4562 = MANIFOLD_SOLID_BREP('',#4563);
#4563 = CLOSED_SHELL('',(#4564,#4745,#4778,#4804,#4830,#4855,#4880,#4906
    ,#4932,#4949,#4974,#4999,#5031,#5055,#5079,#5097,#5122,#5147,#5172,
    #5203,#5228,#5253,#5277,#5301,#5326,#5351,#5368,#5393,#5418,#5449,
    #5473,#5497,#5514,#5539,#5584));
#4564 = ADVANCED_FACE('',(#4565,#4635,#4646,#4657,#4707,#4718,#4729),
  #4740,.T.);
#4565 = FACE_BOUND('',#4566,.T.);
#4566 = EDGE_LOOP('',(#4567,#4577,#4586,#4594,#4603,#4611,#4620,#4628));
#4567 = ORIENTED_EDGE('',*,*,#4568,.T.);
#4568 = EDGE_CURVE('',#4569,#4571,#4573,.T.);
#4569 = VERTEX_POINT('',#4570);
#4570 = CARTESIAN_POINT('',(-71.,-44.,2.5));
#4571 = VERTEX_POINT('',#4572);
#4572 = CARTESIAN_POINT('',(46.,-44.,2.5));
#4573 = LINE('',#4574,#4575);
#4574 = CARTESIAN_POINT('',(-71.,-44.,2.5));
#4575 = VECTOR('',#4576,1.);
#4576 = DIRECTION('',(1.,0.,0.));
#4577 = ORIENTED_EDGE('',*,*,#4578,.T.);
#4578 = EDGE_CURVE('',#4571,#4579,#4581,.T.);
#4579 = VERTEX_POINT('',#4580);
#4580 = CARTESIAN_POINT('',(49.,-41.,2.5));
#4581 = CIRCLE('',#4582,3.);
#4582 = AXIS2_PLACEMENT_3D('',#4583,#4584,#4585);
#4583 = CARTESIAN_POINT('',(46.,-41.,2.5));
#4584 = DIRECTION('',(-0.,0.,1.));
#4585 = DIRECTION('',(0.,-1.,0.));
#4586 = ORIENTED_EDGE('',*,*,#4587,.T.);
#4587 = EDGE_CURVE('',#4579,#4588,#4590,.T.);
#4588 = VERTEX_POINT('',#4589);
#4589 = CARTESIAN_POINT('',(49.,41.,2.5));
#4590 = LINE('',#4591,#4592);
#4591 = CARTESIAN_POINT('',(49.,-41.,2.5));
#4592 = VECTOR('',#4593,1.);
#4593 = DIRECTION('',(0.,1.,0.));
#4594 = ORIENTED_EDGE('',*,*,#4595,.T.);
#4595 = EDGE_CURVE('',#4588,#4596,#4598,.T.);
#4596 = VERTEX_POINT('',#4597);
#4597 = CARTESIAN_POINT('',(46.,44.,2.5));
#4598 = CIRCLE('',#4599,3.);
#4599 = AXIS2_PLACEMENT_3D('',#4600,#4601,#4602);
#4600 = CARTESIAN_POINT('',(46.,41.,2.5));
#4601 = DIRECTION('',(0.,0.,1.));
#4602 = DIRECTION('',(1.,0.,0.));
#4603 = ORIENTED_EDGE('',*,*,#4604,.T.);
#4604 = EDGE_CURVE('',#4596,#4605,#4607,.T.);
#4605 = VERTEX_POINT('',#4606);
#4606 = CARTESIAN_POINT('',(-71.,44.,2.5));
#4607 = LINE('',#4608,#4609);
#4608 = CARTESIAN_POINT('',(46.,44.,2.5));
#4609 = VECTOR('',#4610,1.);
#4610 = DIRECTION('',(-1.,0.,0.));
#4611 = ORIENTED_EDGE('',*,*,#4612,.T.);
#4612 = EDGE_CURVE('',#4605,#4613,#4615,.T.);
#4613 = VERTEX_POINT('',#4614);
#4614 = CARTESIAN_POINT('',(-74.,41.,2.5));
#4615 = CIRCLE('',#4616,3.);
#4616 = AXIS2_PLACEMENT_3D('',#4617,#4618,#4619);
#4617 = CARTESIAN_POINT('',(-71.,41.,2.5));
#4618 = DIRECTION('',(0.,-0.,1.));
#4619 = DIRECTION('',(0.,1.,0.));
#4620 = ORIENTED_EDGE('',*,*,#4621,.T.);
#4621 = EDGE_CURVE('',#4613,#4622,#4624,.T.);
#4622 = VERTEX_POINT('',#4623);
#4623 = CARTESIAN_POINT('',(-74.,-41.,2.5));
#4624 = LINE('',#4625,#4626);
#4625 = CARTESIAN_POINT('',(-74.,41.,2.5));
#4626 = VECTOR('',#4627,1.);
#4627 = DIRECTION('',(0.,-1.,0.));
#4628 = ORIENTED_EDGE('',*,*,#4629,.T.);
#4629 = EDGE_CURVE('',#4622,#4569,#4630,.T.);
#4630 = CIRCLE('',#4631,3.);
#4631 = AXIS2_PLACEMENT_3D('',#4632,#4633,#4634);
#4632 = CARTESIAN_POINT('',(-71.,-41.,2.5));
#4633 = DIRECTION('',(0.,0.,1.));
#4634 = DIRECTION('',(-1.,0.,0.));
#4635 = FACE_BOUND('',#4636,.T.);
#4636 = EDGE_LOOP('',(#4637));
#4637 = ORIENTED_EDGE('',*,*,#4638,.F.);
#4638 = EDGE_CURVE('',#4639,#4639,#4641,.T.);
#4639 = VERTEX_POINT('',#4640);
#4640 = CARTESIAN_POINT('',(-68.55,-41.,2.5));
#4641 = CIRCLE('',#4642,2.45);
#4642 = AXIS2_PLACEMENT_3D('',#4643,#4644,#4645);
#4643 = CARTESIAN_POINT('',(-71.,-41.,2.5));
#4644 = DIRECTION('',(0.,0.,1.));
#4645 = DIRECTION('',(1.,0.,0.));
#4646 = FACE_BOUND('',#4647,.T.);
#4647 = EDGE_LOOP('',(#4648));
#4648 = ORIENTED_EDGE('',*,*,#4649,.F.);
#4649 = EDGE_CURVE('',#4650,#4650,#4652,.T.);
#4650 = VERTEX_POINT('',#4651);
#4651 = CARTESIAN_POINT('',(48.45,-41.,2.5));
#4652 = CIRCLE('',#4653,2.45);
#4653 = AXIS2_PLACEMENT_3D('',#4654,#4655,#4656);
#4654 = CARTESIAN_POINT('',(46.,-41.,2.5));
#4655 = DIRECTION('',(0.,0.,1.));
#4656 = DIRECTION('',(1.,0.,0.));
#4657 = FACE_BOUND('',#4658,.T.);
#4658 = EDGE_LOOP('',(#4659,#4669,#4677,#4685,#4693,#4701));
#4659 = ORIENTED_EDGE('',*,*,#4660,.F.);
#4660 = EDGE_CURVE('',#4661,#4663,#4665,.T.);
#4661 = VERTEX_POINT('',#4662);
#4662 = CARTESIAN_POINT('',(16.,-12.17884008407,2.5));
#4663 = VERTEX_POINT('',#4664);
#4664 = CARTESIAN_POINT('',(16.,-13.17884008407,2.5));
#4665 = LINE('',#4666,#4667);
#4666 = CARTESIAN_POINT('',(16.,3.870579957962,2.5));
#4667 = VECTOR('',#4668,1.);
#4668 = DIRECTION('',(0.,-1.,0.));
#4669 = ORIENTED_EDGE('',*,*,#4670,.F.);
#4670 = EDGE_CURVE('',#4671,#4661,#4673,.T.);
#4671 = VERTEX_POINT('',#4672);
#4672 = CARTESIAN_POINT('',(16.,8.741159915924,2.5));
#4673 = LINE('',#4674,#4675);
#4674 = CARTESIAN_POINT('',(16.,7.741159915924,2.5));
#4675 = VECTOR('',#4676,1.);
#4676 = DIRECTION('',(0.,-1.,0.));
#4677 = ORIENTED_EDGE('',*,*,#4678,.T.);
#4678 = EDGE_CURVE('',#4671,#4679,#4681,.T.);
#4679 = VERTEX_POINT('',#4680);
#4680 = CARTESIAN_POINT('',(27.,8.741159915924,2.5));
#4681 = LINE('',#4682,#4683);
#4682 = CARTESIAN_POINT('',(16.,8.741159915924,2.5));
#4683 = VECTOR('',#4684,1.);
#4684 = DIRECTION('',(1.,0.,0.));
#4685 = ORIENTED_EDGE('',*,*,#4686,.F.);
#4686 = EDGE_CURVE('',#4687,#4679,#4689,.T.);
#4687 = VERTEX_POINT('',#4688);
#4688 = CARTESIAN_POINT('',(27.,-12.17884008407,2.5));
#4689 = LINE('',#4690,#4691);
#4690 = CARTESIAN_POINT('',(27.,3.870579957962,2.5));
#4691 = VECTOR('',#4692,1.);
#4692 = DIRECTION('',(0.,1.,0.));
#4693 = ORIENTED_EDGE('',*,*,#4694,.T.);
#4694 = EDGE_CURVE('',#4687,#4695,#4697,.T.);
#4695 = VERTEX_POINT('',#4696);
#4696 = CARTESIAN_POINT('',(27.,-13.17884008407,2.5));
#4697 = LINE('',#4698,#4699);
#4698 = CARTESIAN_POINT('',(27.,3.870579957962,2.5));
#4699 = VECTOR('',#4700,1.);
#4700 = DIRECTION('',(0.,-1.,0.));
#4701 = ORIENTED_EDGE('',*,*,#4702,.F.);
#4702 = EDGE_CURVE('',#4663,#4695,#4703,.T.);
#4703 = LINE('',#4704,#4705);
#4704 = CARTESIAN_POINT('',(16.,-13.17884008407,2.5));
#4705 = VECTOR('',#4706,1.);
#4706 = DIRECTION('',(1.,0.,0.));
#4707 = FACE_BOUND('',#4708,.T.);
#4708 = EDGE_LOOP('',(#4709));
#4709 = ORIENTED_EDGE('',*,*,#4710,.F.);
#4710 = EDGE_CURVE('',#4711,#4711,#4713,.T.);
#4711 = VERTEX_POINT('',#4712);
#4712 = CARTESIAN_POINT('',(-68.55,41.,2.5));
#4713 = CIRCLE('',#4714,2.45);
#4714 = AXIS2_PLACEMENT_3D('',#4715,#4716,#4717);
#4715 = CARTESIAN_POINT('',(-71.,41.,2.5));
#4716 = DIRECTION('',(0.,0.,1.));
#4717 = DIRECTION('',(1.,0.,0.));
#4718 = FACE_BOUND('',#4719,.T.);
#4719 = EDGE_LOOP('',(#4720));
#4720 = ORIENTED_EDGE('',*,*,#4721,.F.);
#4721 = EDGE_CURVE('',#4722,#4722,#4724,.T.);
#4722 = VERTEX_POINT('',#4723);
#4723 = CARTESIAN_POINT('',(23.5,13.741159915924,2.5));
#4724 = CIRCLE('',#4725,2.5);
#4725 = AXIS2_PLACEMENT_3D('',#4726,#4727,#4728);
#4726 = CARTESIAN_POINT('',(21.,13.741159915924,2.5));
#4727 = DIRECTION('',(0.,0.,1.));
#4728 = DIRECTION('',(1.,0.,0.));
#4729 = FACE_BOUND('',#4730,.T.);
#4730 = EDGE_LOOP('',(#4731));
#4731 = ORIENTED_EDGE('',*,*,#4732,.F.);
#4732 = EDGE_CURVE('',#4733,#4733,#4735,.T.);
#4733 = VERTEX_POINT('',#4734);
#4734 = CARTESIAN_POINT('',(48.45,41.,2.5));
#4735 = CIRCLE('',#4736,2.45);
#4736 = AXIS2_PLACEMENT_3D('',#4737,#4738,#4739);
#4737 = CARTESIAN_POINT('',(46.,41.,2.5));
#4738 = DIRECTION('',(0.,0.,1.));
#4739 = DIRECTION('',(1.,0.,0.));
#4740 = PLANE('',#4741);
#4741 = AXIS2_PLACEMENT_3D('',#4742,#4743,#4744);
#4742 = CARTESIAN_POINT('',(-12.5,-8.212E-14,2.5));
#4743 = DIRECTION('',(0.,0.,1.));
#4744 = DIRECTION('',(1.,0.,0.));
#4745 = ADVANCED_FACE('',(#4746),#4773,.T.);
#4746 = FACE_BOUND('',#4747,.F.);
#4747 = EDGE_LOOP('',(#4748,#4757,#4758,#4767));
#4748 = ORIENTED_EDGE('',*,*,#4749,.T.);
#4749 = EDGE_CURVE('',#4750,#4569,#4752,.T.);
#4750 = VERTEX_POINT('',#4751);
#4751 = CARTESIAN_POINT('',(-71.,-45.,1.5));
#4752 = CIRCLE('',#4753,1.);
#4753 = AXIS2_PLACEMENT_3D('',#4754,#4755,#4756);
#4754 = CARTESIAN_POINT('',(-71.,-44.,1.5));
#4755 = DIRECTION('',(-1.,0.,0.));
#4756 = DIRECTION('',(0.,-1.,0.));
#4757 = ORIENTED_EDGE('',*,*,#4568,.T.);
#4758 = ORIENTED_EDGE('',*,*,#4759,.F.);
#4759 = EDGE_CURVE('',#4760,#4571,#4762,.T.);
#4760 = VERTEX_POINT('',#4761);
#4761 = CARTESIAN_POINT('',(46.,-45.,1.5));
#4762 = CIRCLE('',#4763,1.);
#4763 = AXIS2_PLACEMENT_3D('',#4764,#4765,#4766);
#4764 = CARTESIAN_POINT('',(46.,-44.,1.5));
#4765 = DIRECTION('',(-1.,0.,0.));
#4766 = DIRECTION('',(0.,-1.,0.));
#4767 = ORIENTED_EDGE('',*,*,#4768,.F.);
#4768 = EDGE_CURVE('',#4750,#4760,#4769,.T.);
#4769 = LINE('',#4770,#4771);
#4770 = CARTESIAN_POINT('',(-71.,-45.,1.5));
#4771 = VECTOR('',#4772,1.);
#4772 = DIRECTION('',(1.,0.,0.));
#4773 = CYLINDRICAL_SURFACE('',#4774,1.);
#4774 = AXIS2_PLACEMENT_3D('',#4775,#4776,#4777);
#4775 = CARTESIAN_POINT('',(-71.,-44.,1.5));
#4776 = DIRECTION('',(1.,0.,0.));
#4777 = DIRECTION('',(0.,-1.,0.));
#4778 = ADVANCED_FACE('',(#4779),#4799,.T.);
#4779 = FACE_BOUND('',#4780,.T.);
#4780 = EDGE_LOOP('',(#4781,#4790,#4797,#4798));
#4781 = ORIENTED_EDGE('',*,*,#4782,.F.);
#4782 = EDGE_CURVE('',#4783,#4622,#4785,.T.);
#4783 = VERTEX_POINT('',#4784);
#4784 = CARTESIAN_POINT('',(-75.,-41.,1.5));
#4785 = CIRCLE('',#4786,1.);
#4786 = AXIS2_PLACEMENT_3D('',#4787,#4788,#4789);
#4787 = CARTESIAN_POINT('',(-74.,-41.,1.5));
#4788 = DIRECTION('',(0.,1.,-0.));
#4789 = DIRECTION('',(-1.,0.,0.));
#4790 = ORIENTED_EDGE('',*,*,#4791,.T.);
#4791 = EDGE_CURVE('',#4783,#4750,#4792,.T.);
#4792 = CIRCLE('',#4793,4.);
#4793 = AXIS2_PLACEMENT_3D('',#4794,#4795,#4796);
#4794 = CARTESIAN_POINT('',(-71.,-41.,1.5));
#4795 = DIRECTION('',(0.,0.,1.));
#4796 = DIRECTION('',(-1.,0.,0.));
#4797 = ORIENTED_EDGE('',*,*,#4749,.T.);
#4798 = ORIENTED_EDGE('',*,*,#4629,.F.);
#4799 = TOROIDAL_SURFACE('',#4800,3.,1.);
#4800 = AXIS2_PLACEMENT_3D('',#4801,#4802,#4803);
#4801 = CARTESIAN_POINT('',(-71.,-41.,1.5));
#4802 = DIRECTION('',(0.,0.,1.));
#4803 = DIRECTION('',(-1.,0.,0.));
#4804 = ADVANCED_FACE('',(#4805),#4825,.T.);
#4805 = FACE_BOUND('',#4806,.T.);
#4806 = EDGE_LOOP('',(#4807,#4808,#4817,#4824));
#4807 = ORIENTED_EDGE('',*,*,#4759,.F.);
#4808 = ORIENTED_EDGE('',*,*,#4809,.T.);
#4809 = EDGE_CURVE('',#4760,#4810,#4812,.T.);
#4810 = VERTEX_POINT('',#4811);
#4811 = CARTESIAN_POINT('',(50.,-41.,1.5));
#4812 = CIRCLE('',#4813,4.);
#4813 = AXIS2_PLACEMENT_3D('',#4814,#4815,#4816);
#4814 = CARTESIAN_POINT('',(46.,-41.,1.5));
#4815 = DIRECTION('',(-0.,0.,1.));
#4816 = DIRECTION('',(0.,-1.,0.));
#4817 = ORIENTED_EDGE('',*,*,#4818,.T.);
#4818 = EDGE_CURVE('',#4810,#4579,#4819,.T.);
#4819 = CIRCLE('',#4820,1.);
#4820 = AXIS2_PLACEMENT_3D('',#4821,#4822,#4823);
#4821 = CARTESIAN_POINT('',(49.,-41.,1.5));
#4822 = DIRECTION('',(-6.E-17,-1.,0.));
#4823 = DIRECTION('',(1.,-6.E-17,0.));
#4824 = ORIENTED_EDGE('',*,*,#4578,.F.);
#4825 = TOROIDAL_SURFACE('',#4826,3.,1.);
#4826 = AXIS2_PLACEMENT_3D('',#4827,#4828,#4829);
#4827 = CARTESIAN_POINT('',(46.,-41.,1.5));
#4828 = DIRECTION('',(0.,0.,1.));
#4829 = DIRECTION('',(0.,-1.,0.));
#4830 = ADVANCED_FACE('',(#4831),#4850,.T.);
#4831 = FACE_BOUND('',#4832,.F.);
#4832 = EDGE_LOOP('',(#4833,#4842,#4843,#4844));
#4833 = ORIENTED_EDGE('',*,*,#4834,.T.);
#4834 = EDGE_CURVE('',#4835,#4613,#4837,.T.);
#4835 = VERTEX_POINT('',#4836);
#4836 = CARTESIAN_POINT('',(-75.,41.,1.5));
#4837 = CIRCLE('',#4838,1.);
#4838 = AXIS2_PLACEMENT_3D('',#4839,#4840,#4841);
#4839 = CARTESIAN_POINT('',(-74.,41.,1.5));
#4840 = DIRECTION('',(9.5E-16,1.,-0.));
#4841 = DIRECTION('',(-1.,9.5E-16,0.));
#4842 = ORIENTED_EDGE('',*,*,#4621,.T.);
#4843 = ORIENTED_EDGE('',*,*,#4782,.F.);
#4844 = ORIENTED_EDGE('',*,*,#4845,.F.);
#4845 = EDGE_CURVE('',#4835,#4783,#4846,.T.);
#4846 = LINE('',#4847,#4848);
#4847 = CARTESIAN_POINT('',(-75.,41.,1.5));
#4848 = VECTOR('',#4849,1.);
#4849 = DIRECTION('',(0.,-1.,0.));
#4850 = CYLINDRICAL_SURFACE('',#4851,1.);
#4851 = AXIS2_PLACEMENT_3D('',#4852,#4853,#4854);
#4852 = CARTESIAN_POINT('',(-74.,41.,1.5));
#4853 = DIRECTION('',(0.,-1.,0.));
#4854 = DIRECTION('',(-1.,0.,0.));
#4855 = ADVANCED_FACE('',(#4856),#4875,.T.);
#4856 = FACE_BOUND('',#4857,.F.);
#4857 = EDGE_LOOP('',(#4858,#4859,#4860,#4869));
#4858 = ORIENTED_EDGE('',*,*,#4818,.T.);
#4859 = ORIENTED_EDGE('',*,*,#4587,.T.);
#4860 = ORIENTED_EDGE('',*,*,#4861,.F.);
#4861 = EDGE_CURVE('',#4862,#4588,#4864,.T.);
#4862 = VERTEX_POINT('',#4863);
#4863 = CARTESIAN_POINT('',(50.,41.,1.5));
#4864 = CIRCLE('',#4865,1.);
#4865 = AXIS2_PLACEMENT_3D('',#4866,#4867,#4868);
#4866 = CARTESIAN_POINT('',(49.,41.,1.5));
#4867 = DIRECTION('',(0.,-1.,0.));
#4868 = DIRECTION('',(1.,0.,0.));
#4869 = ORIENTED_EDGE('',*,*,#4870,.F.);
#4870 = EDGE_CURVE('',#4810,#4862,#4871,.T.);
#4871 = LINE('',#4872,#4873);
#4872 = CARTESIAN_POINT('',(50.,-41.,1.5));
#4873 = VECTOR('',#4874,1.);
#4874 = DIRECTION('',(0.,1.,0.));
#4875 = CYLINDRICAL_SURFACE('',#4876,1.);
#4876 = AXIS2_PLACEMENT_3D('',#4877,#4878,#4879);
#4877 = CARTESIAN_POINT('',(49.,-41.,1.5));
#4878 = DIRECTION('',(0.,1.,0.));
#4879 = DIRECTION('',(1.,0.,0.));
#4880 = ADVANCED_FACE('',(#4881),#4901,.T.);
#4881 = FACE_BOUND('',#4882,.T.);
#4882 = EDGE_LOOP('',(#4883,#4892,#4899,#4900));
#4883 = ORIENTED_EDGE('',*,*,#4884,.F.);
#4884 = EDGE_CURVE('',#4885,#4605,#4887,.T.);
#4885 = VERTEX_POINT('',#4886);
#4886 = CARTESIAN_POINT('',(-71.,45.,1.5));
#4887 = CIRCLE('',#4888,1.);
#4888 = AXIS2_PLACEMENT_3D('',#4889,#4890,#4891);
#4889 = CARTESIAN_POINT('',(-71.,44.,1.5));
#4890 = DIRECTION('',(1.,0.,0.));
#4891 = DIRECTION('',(0.,1.,0.));
#4892 = ORIENTED_EDGE('',*,*,#4893,.T.);
#4893 = EDGE_CURVE('',#4885,#4835,#4894,.T.);
#4894 = CIRCLE('',#4895,4.);
#4895 = AXIS2_PLACEMENT_3D('',#4896,#4897,#4898);
#4896 = CARTESIAN_POINT('',(-71.,41.,1.5));
#4897 = DIRECTION('',(0.,-0.,1.));
#4898 = DIRECTION('',(0.,1.,0.));
#4899 = ORIENTED_EDGE('',*,*,#4834,.T.);
#4900 = ORIENTED_EDGE('',*,*,#4612,.F.);
#4901 = TOROIDAL_SURFACE('',#4902,3.,1.);
#4902 = AXIS2_PLACEMENT_3D('',#4903,#4904,#4905);
#4903 = CARTESIAN_POINT('',(-71.,41.,1.5));
#4904 = DIRECTION('',(0.,0.,1.));
#4905 = DIRECTION('',(0.,1.,0.));
#4906 = ADVANCED_FACE('',(#4907),#4927,.T.);
#4907 = FACE_BOUND('',#4908,.T.);
#4908 = EDGE_LOOP('',(#4909,#4910,#4919,#4926));
#4909 = ORIENTED_EDGE('',*,*,#4861,.F.);
#4910 = ORIENTED_EDGE('',*,*,#4911,.T.);
#4911 = EDGE_CURVE('',#4862,#4912,#4914,.T.);
#4912 = VERTEX_POINT('',#4913);
#4913 = CARTESIAN_POINT('',(46.,45.,1.5));
#4914 = CIRCLE('',#4915,4.);
#4915 = AXIS2_PLACEMENT_3D('',#4916,#4917,#4918);
#4916 = CARTESIAN_POINT('',(46.,41.,1.5));
#4917 = DIRECTION('',(0.,0.,1.));
#4918 = DIRECTION('',(1.,0.,0.));
#4919 = ORIENTED_EDGE('',*,*,#4920,.T.);
#4920 = EDGE_CURVE('',#4912,#4596,#4921,.T.);
#4921 = CIRCLE('',#4922,1.);
#4922 = AXIS2_PLACEMENT_3D('',#4923,#4924,#4925);
#4923 = CARTESIAN_POINT('',(46.,44.,1.5));
#4924 = DIRECTION('',(1.,3.8E-16,-0.));
#4925 = DIRECTION('',(-3.8E-16,1.,0.));
#4926 = ORIENTED_EDGE('',*,*,#4595,.F.);
#4927 = TOROIDAL_SURFACE('',#4928,3.,1.);
#4928 = AXIS2_PLACEMENT_3D('',#4929,#4930,#4931);
#4929 = CARTESIAN_POINT('',(46.,41.,1.5));
#4930 = DIRECTION('',(0.,0.,1.));
#4931 = DIRECTION('',(1.,0.,0.));
#4932 = ADVANCED_FACE('',(#4933),#4944,.T.);
#4933 = FACE_BOUND('',#4934,.F.);
#4934 = EDGE_LOOP('',(#4935,#4936,#4937,#4938));
#4935 = ORIENTED_EDGE('',*,*,#4920,.T.);
#4936 = ORIENTED_EDGE('',*,*,#4604,.T.);
#4937 = ORIENTED_EDGE('',*,*,#4884,.F.);
#4938 = ORIENTED_EDGE('',*,*,#4939,.F.);
#4939 = EDGE_CURVE('',#4912,#4885,#4940,.T.);
#4940 = LINE('',#4941,#4942);
#4941 = CARTESIAN_POINT('',(46.,45.,1.5));
#4942 = VECTOR('',#4943,1.);
#4943 = DIRECTION('',(-1.,0.,0.));
#4944 = CYLINDRICAL_SURFACE('',#4945,1.);
#4945 = AXIS2_PLACEMENT_3D('',#4946,#4947,#4948);
#4946 = CARTESIAN_POINT('',(46.,44.,1.5));
#4947 = DIRECTION('',(-1.,0.,0.));
#4948 = DIRECTION('',(0.,1.,0.));
#4949 = ADVANCED_FACE('',(#4950),#4969,.F.);
#4950 = FACE_BOUND('',#4951,.T.);
#4951 = EDGE_LOOP('',(#4952,#4960,#4961,#4962));
#4952 = ORIENTED_EDGE('',*,*,#4953,.F.);
#4953 = EDGE_CURVE('',#4639,#4954,#4956,.T.);
#4954 = VERTEX_POINT('',#4955);
#4955 = CARTESIAN_POINT('',(-69.3,-41.,1.25));
#4956 = LINE('',#4957,#4958);
#4957 = CARTESIAN_POINT('',(-69.3,-41.,1.25));
#4958 = VECTOR('',#4959,1.);
#4959 = DIRECTION('',(-0.514495755428,-0.,-0.857492925713));
#4960 = ORIENTED_EDGE('',*,*,#4638,.T.);
#4961 = ORIENTED_EDGE('',*,*,#4953,.T.);
#4962 = ORIENTED_EDGE('',*,*,#4963,.F.);
#4963 = EDGE_CURVE('',#4954,#4954,#4964,.T.);
#4964 = CIRCLE('',#4965,1.7);
#4965 = AXIS2_PLACEMENT_3D('',#4966,#4967,#4968);
#4966 = CARTESIAN_POINT('',(-71.,-41.,1.25));
#4967 = DIRECTION('',(0.,0.,1.));
#4968 = DIRECTION('',(1.,0.,0.));
#4969 = CONICAL_SURFACE('',#4970,1.7,0.540419500271);
#4970 = AXIS2_PLACEMENT_3D('',#4971,#4972,#4973);
#4971 = CARTESIAN_POINT('',(-71.,-41.,1.25));
#4972 = DIRECTION('',(0.,0.,1.));
#4973 = DIRECTION('',(1.,0.,0.));
#4974 = ADVANCED_FACE('',(#4975),#4994,.F.);
#4975 = FACE_BOUND('',#4976,.T.);
#4976 = EDGE_LOOP('',(#4977,#4985,#4986,#4987));
#4977 = ORIENTED_EDGE('',*,*,#4978,.F.);
#4978 = EDGE_CURVE('',#4650,#4979,#4981,.T.);
#4979 = VERTEX_POINT('',#4980);
#4980 = CARTESIAN_POINT('',(47.7,-41.,1.25));
#4981 = LINE('',#4982,#4983);
#4982 = CARTESIAN_POINT('',(47.7,-41.,1.25));
#4983 = VECTOR('',#4984,1.);
#4984 = DIRECTION('',(-0.514495755428,-0.,-0.857492925713));
#4985 = ORIENTED_EDGE('',*,*,#4649,.T.);
#4986 = ORIENTED_EDGE('',*,*,#4978,.T.);
#4987 = ORIENTED_EDGE('',*,*,#4988,.F.);
#4988 = EDGE_CURVE('',#4979,#4979,#4989,.T.);
#4989 = CIRCLE('',#4990,1.7);
#4990 = AXIS2_PLACEMENT_3D('',#4991,#4992,#4993);
#4991 = CARTESIAN_POINT('',(46.,-41.,1.25));
#4992 = DIRECTION('',(0.,0.,1.));
#4993 = DIRECTION('',(1.,0.,0.));
#4994 = CONICAL_SURFACE('',#4995,1.7,0.540419500271);
#4995 = AXIS2_PLACEMENT_3D('',#4996,#4997,#4998);
#4996 = CARTESIAN_POINT('',(46.,-41.,1.25));
#4997 = DIRECTION('',(0.,0.,1.));
#4998 = DIRECTION('',(1.,0.,0.));
#4999 = ADVANCED_FACE('',(#5000),#5026,.F.);
#5000 = FACE_BOUND('',#5001,.T.);
#5001 = EDGE_LOOP('',(#5002,#5010,#5018,#5024,#5025));
#5002 = ORIENTED_EDGE('',*,*,#5003,.T.);
#5003 = EDGE_CURVE('',#4663,#5004,#5006,.T.);
#5004 = VERTEX_POINT('',#5005);
#5005 = CARTESIAN_POINT('',(17.,-12.17884008407,1.5));
#5006 = LINE('',#5007,#5008);
#5007 = CARTESIAN_POINT('',(19.82,-9.358840084076,-1.32));
#5008 = VECTOR('',#5009,1.);
#5009 = DIRECTION('',(0.57735026919,0.57735026919,-0.57735026919));
#5010 = ORIENTED_EDGE('',*,*,#5011,.F.);
#5011 = EDGE_CURVE('',#5012,#5004,#5014,.T.);
#5012 = VERTEX_POINT('',#5013);
#5013 = CARTESIAN_POINT('',(17.,7.741159915924,1.5));
#5014 = LINE('',#5015,#5016);
#5015 = CARTESIAN_POINT('',(17.,7.741159915924,1.5));
#5016 = VECTOR('',#5017,1.);
#5017 = DIRECTION('',(0.,-1.,0.));
#5018 = ORIENTED_EDGE('',*,*,#5019,.F.);
#5019 = EDGE_CURVE('',#4671,#5012,#5020,.T.);
#5020 = LINE('',#5021,#5022);
#5021 = CARTESIAN_POINT('',(16.5,8.241159915924,2.));
#5022 = VECTOR('',#5023,1.);
#5023 = DIRECTION('',(0.57735026919,-0.57735026919,-0.57735026919));
#5024 = ORIENTED_EDGE('',*,*,#4670,.T.);
#5025 = ORIENTED_EDGE('',*,*,#4660,.T.);
#5026 = PLANE('',#5027);
#5027 = AXIS2_PLACEMENT_3D('',#5028,#5029,#5030);
#5028 = CARTESIAN_POINT('',(16.5,7.741159915924,2.));
#5029 = DIRECTION('',(-0.707106781187,0.,-0.707106781187));
#5030 = DIRECTION('',(0.,1.,0.));
#5031 = ADVANCED_FACE('',(#5032),#5050,.F.);
#5032 = FACE_BOUND('',#5033,.T.);
#5033 = EDGE_LOOP('',(#5034,#5035,#5036,#5044));
#5034 = ORIENTED_EDGE('',*,*,#5003,.F.);
#5035 = ORIENTED_EDGE('',*,*,#4702,.T.);
#5036 = ORIENTED_EDGE('',*,*,#5037,.T.);
#5037 = EDGE_CURVE('',#4695,#5038,#5040,.T.);
#5038 = VERTEX_POINT('',#5039);
#5039 = CARTESIAN_POINT('',(26.,-12.17884008407,1.5));
#5040 = LINE('',#5041,#5042);
#5041 = CARTESIAN_POINT('',(21.346666666667,-7.525506750743,
    -3.153333333333));
#5042 = VECTOR('',#5043,1.);
#5043 = DIRECTION('',(-0.57735026919,0.57735026919,-0.57735026919));
#5044 = ORIENTED_EDGE('',*,*,#5045,.F.);
#5045 = EDGE_CURVE('',#5004,#5038,#5046,.T.);
#5046 = LINE('',#5047,#5048);
#5047 = CARTESIAN_POINT('',(16.,-12.17884008407,1.5));
#5048 = VECTOR('',#5049,1.);
#5049 = DIRECTION('',(1.,0.,0.));
#5050 = PLANE('',#5051);
#5051 = AXIS2_PLACEMENT_3D('',#5052,#5053,#5054);
#5052 = CARTESIAN_POINT('',(16.,-12.67884008407,2.));
#5053 = DIRECTION('',(0.,-0.707106781187,-0.707106781187));
#5054 = DIRECTION('',(-1.,-0.,-0.));
#5055 = ADVANCED_FACE('',(#5056),#5074,.T.);
#5056 = FACE_BOUND('',#5057,.T.);
#5057 = EDGE_LOOP('',(#5058,#5059,#5067,#5073));
#5058 = ORIENTED_EDGE('',*,*,#5019,.T.);
#5059 = ORIENTED_EDGE('',*,*,#5060,.T.);
#5060 = EDGE_CURVE('',#5012,#5061,#5063,.T.);
#5061 = VERTEX_POINT('',#5062);
#5062 = CARTESIAN_POINT('',(26.,7.741159915924,1.5));
#5063 = LINE('',#5064,#5065);
#5064 = CARTESIAN_POINT('',(17.,7.741159915924,1.5));
#5065 = VECTOR('',#5066,1.);
#5066 = DIRECTION('',(1.,0.,0.));
#5067 = ORIENTED_EDGE('',*,*,#5068,.F.);
#5068 = EDGE_CURVE('',#4679,#5061,#5069,.T.);
#5069 = LINE('',#5070,#5071);
#5070 = CARTESIAN_POINT('',(26.333333333333,8.074493249257,
    1.833333333333));
#5071 = VECTOR('',#5072,1.);
#5072 = DIRECTION('',(-0.57735026919,-0.57735026919,-0.57735026919));
#5073 = ORIENTED_EDGE('',*,*,#4678,.F.);
#5074 = PLANE('',#5075);
#5075 = AXIS2_PLACEMENT_3D('',#5076,#5077,#5078);
#5076 = CARTESIAN_POINT('',(21.499999999898,8.283778210743,
    2.042618294819));
#5077 = DIRECTION('',(0.,-0.707106781187,0.707106781187));
#5078 = DIRECTION('',(0.,0.707106781187,0.707106781187));
#5079 = ADVANCED_FACE('',(#5080),#5092,.T.);
#5080 = FACE_BOUND('',#5081,.F.);
#5081 = EDGE_LOOP('',(#5082,#5083,#5089,#5090,#5091));
#5082 = ORIENTED_EDGE('',*,*,#5037,.T.);
#5083 = ORIENTED_EDGE('',*,*,#5084,.F.);
#5084 = EDGE_CURVE('',#5061,#5038,#5085,.T.);
#5085 = LINE('',#5086,#5087);
#5086 = CARTESIAN_POINT('',(26.,7.741159915924,1.5));
#5087 = VECTOR('',#5088,1.);
#5088 = DIRECTION('',(0.,-1.,0.));
#5089 = ORIENTED_EDGE('',*,*,#5068,.F.);
#5090 = ORIENTED_EDGE('',*,*,#4686,.F.);
#5091 = ORIENTED_EDGE('',*,*,#4694,.T.);
#5092 = PLANE('',#5093);
#5093 = AXIS2_PLACEMENT_3D('',#5094,#5095,#5096);
#5094 = CARTESIAN_POINT('',(26.5,7.741159915924,2.));
#5095 = DIRECTION('',(-0.707106781187,0.,0.707106781187));
#5096 = DIRECTION('',(0.,1.,0.));
#5097 = ADVANCED_FACE('',(#5098),#5117,.F.);
#5098 = FACE_BOUND('',#5099,.T.);
#5099 = EDGE_LOOP('',(#5100,#5108,#5109,#5110));
#5100 = ORIENTED_EDGE('',*,*,#5101,.F.);
#5101 = EDGE_CURVE('',#4711,#5102,#5104,.T.);
#5102 = VERTEX_POINT('',#5103);
#5103 = CARTESIAN_POINT('',(-69.3,41.,1.25));
#5104 = LINE('',#5105,#5106);
#5105 = CARTESIAN_POINT('',(-69.3,41.,1.25));
#5106 = VECTOR('',#5107,1.);
#5107 = DIRECTION('',(-0.514495755428,-0.,-0.857492925713));
#5108 = ORIENTED_EDGE('',*,*,#4710,.T.);
#5109 = ORIENTED_EDGE('',*,*,#5101,.T.);
#5110 = ORIENTED_EDGE('',*,*,#5111,.F.);
#5111 = EDGE_CURVE('',#5102,#5102,#5112,.T.);
#5112 = CIRCLE('',#5113,1.7);
#5113 = AXIS2_PLACEMENT_3D('',#5114,#5115,#5116);
#5114 = CARTESIAN_POINT('',(-71.,41.,1.25));
#5115 = DIRECTION('',(0.,0.,1.));
#5116 = DIRECTION('',(1.,0.,0.));
#5117 = CONICAL_SURFACE('',#5118,1.7,0.540419500271);
#5118 = AXIS2_PLACEMENT_3D('',#5119,#5120,#5121);
#5119 = CARTESIAN_POINT('',(-71.,41.,1.25));
#5120 = DIRECTION('',(0.,0.,1.));
#5121 = DIRECTION('',(1.,0.,0.));
#5122 = ADVANCED_FACE('',(#5123),#5142,.F.);
#5123 = FACE_BOUND('',#5124,.F.);
#5124 = EDGE_LOOP('',(#5125,#5126,#5134,#5141));
#5125 = ORIENTED_EDGE('',*,*,#4721,.F.);
#5126 = ORIENTED_EDGE('',*,*,#5127,.T.);
#5127 = EDGE_CURVE('',#4722,#5128,#5130,.T.);
#5128 = VERTEX_POINT('',#5129);
#5129 = CARTESIAN_POINT('',(23.5,13.741159915924,0.));
#5130 = LINE('',#5131,#5132);
#5131 = CARTESIAN_POINT('',(23.5,13.741159915924,2.5));
#5132 = VECTOR('',#5133,1.);
#5133 = DIRECTION('',(-0.,-0.,-1.));
#5134 = ORIENTED_EDGE('',*,*,#5135,.T.);
#5135 = EDGE_CURVE('',#5128,#5128,#5136,.T.);
#5136 = CIRCLE('',#5137,2.5);
#5137 = AXIS2_PLACEMENT_3D('',#5138,#5139,#5140);
#5138 = CARTESIAN_POINT('',(21.,13.741159915924,0.));
#5139 = DIRECTION('',(0.,0.,1.));
#5140 = DIRECTION('',(1.,0.,0.));
#5141 = ORIENTED_EDGE('',*,*,#5127,.F.);
#5142 = CYLINDRICAL_SURFACE('',#5143,2.5);
#5143 = AXIS2_PLACEMENT_3D('',#5144,#5145,#5146);
#5144 = CARTESIAN_POINT('',(21.,13.741159915924,2.5));
#5145 = DIRECTION('',(0.,0.,1.));
#5146 = DIRECTION('',(1.,0.,0.));
#5147 = ADVANCED_FACE('',(#5148),#5167,.F.);
#5148 = FACE_BOUND('',#5149,.T.);
#5149 = EDGE_LOOP('',(#5150,#5158,#5159,#5160));
#5150 = ORIENTED_EDGE('',*,*,#5151,.F.);
#5151 = EDGE_CURVE('',#4733,#5152,#5154,.T.);
#5152 = VERTEX_POINT('',#5153);
#5153 = CARTESIAN_POINT('',(47.7,41.,1.25));
#5154 = LINE('',#5155,#5156);
#5155 = CARTESIAN_POINT('',(47.7,41.,1.25));
#5156 = VECTOR('',#5157,1.);
#5157 = DIRECTION('',(-0.514495755428,-0.,-0.857492925713));
#5158 = ORIENTED_EDGE('',*,*,#4732,.T.);
#5159 = ORIENTED_EDGE('',*,*,#5151,.T.);
#5160 = ORIENTED_EDGE('',*,*,#5161,.F.);
#5161 = EDGE_CURVE('',#5152,#5152,#5162,.T.);
#5162 = CIRCLE('',#5163,1.7);
#5163 = AXIS2_PLACEMENT_3D('',#5164,#5165,#5166);
#5164 = CARTESIAN_POINT('',(46.,41.,1.25));
#5165 = DIRECTION('',(0.,0.,1.));
#5166 = DIRECTION('',(1.,0.,0.));
#5167 = CONICAL_SURFACE('',#5168,1.7,0.540419500271);
#5168 = AXIS2_PLACEMENT_3D('',#5169,#5170,#5171);
#5169 = CARTESIAN_POINT('',(46.,41.,1.25));
#5170 = DIRECTION('',(0.,0.,1.));
#5171 = DIRECTION('',(1.,0.,0.));
#5172 = ADVANCED_FACE('',(#5173),#5198,.F.);
#5173 = FACE_BOUND('',#5174,.F.);
#5174 = EDGE_LOOP('',(#5175,#5183,#5184,#5192));
#5175 = ORIENTED_EDGE('',*,*,#5176,.T.);
#5176 = EDGE_CURVE('',#5177,#4750,#5179,.T.);
#5177 = VERTEX_POINT('',#5178);
#5178 = CARTESIAN_POINT('',(-71.,-45.,0.));
#5179 = LINE('',#5180,#5181);
#5180 = CARTESIAN_POINT('',(-71.,-45.,0.));
#5181 = VECTOR('',#5182,1.);
#5182 = DIRECTION('',(0.,0.,1.));
#5183 = ORIENTED_EDGE('',*,*,#4768,.T.);
#5184 = ORIENTED_EDGE('',*,*,#5185,.F.);
#5185 = EDGE_CURVE('',#5186,#4760,#5188,.T.);
#5186 = VERTEX_POINT('',#5187);
#5187 = CARTESIAN_POINT('',(46.,-45.,0.));
#5188 = LINE('',#5189,#5190);
#5189 = CARTESIAN_POINT('',(46.,-45.,0.));
#5190 = VECTOR('',#5191,1.);
#5191 = DIRECTION('',(0.,0.,1.));
#5192 = ORIENTED_EDGE('',*,*,#5193,.F.);
#5193 = EDGE_CURVE('',#5177,#5186,#5194,.T.);
#5194 = LINE('',#5195,#5196);
#5195 = CARTESIAN_POINT('',(-71.,-45.,0.));
#5196 = VECTOR('',#5197,1.);
#5197 = DIRECTION('',(1.,0.,0.));
#5198 = PLANE('',#5199);
#5199 = AXIS2_PLACEMENT_3D('',#5200,#5201,#5202);
#5200 = CARTESIAN_POINT('',(-71.,-45.,0.));
#5201 = DIRECTION('',(0.,1.,0.));
#5202 = DIRECTION('',(1.,0.,0.));
#5203 = ADVANCED_FACE('',(#5204),#5223,.T.);
#5204 = FACE_BOUND('',#5205,.F.);
#5205 = EDGE_LOOP('',(#5206,#5214,#5215,#5216));
#5206 = ORIENTED_EDGE('',*,*,#5207,.T.);
#5207 = EDGE_CURVE('',#5208,#4783,#5210,.T.);
#5208 = VERTEX_POINT('',#5209);
#5209 = CARTESIAN_POINT('',(-75.,-41.,0.));
#5210 = LINE('',#5211,#5212);
#5211 = CARTESIAN_POINT('',(-75.,-41.,0.));
#5212 = VECTOR('',#5213,1.);
#5213 = DIRECTION('',(0.,0.,1.));
#5214 = ORIENTED_EDGE('',*,*,#4791,.T.);
#5215 = ORIENTED_EDGE('',*,*,#5176,.F.);
#5216 = ORIENTED_EDGE('',*,*,#5217,.F.);
#5217 = EDGE_CURVE('',#5208,#5177,#5218,.T.);
#5218 = CIRCLE('',#5219,4.);
#5219 = AXIS2_PLACEMENT_3D('',#5220,#5221,#5222);
#5220 = CARTESIAN_POINT('',(-71.,-41.,0.));
#5221 = DIRECTION('',(0.,0.,1.));
#5222 = DIRECTION('',(1.,0.,0.));
#5223 = CYLINDRICAL_SURFACE('',#5224,4.);
#5224 = AXIS2_PLACEMENT_3D('',#5225,#5226,#5227);
#5225 = CARTESIAN_POINT('',(-71.,-41.,0.));
#5226 = DIRECTION('',(-0.,-0.,-1.));
#5227 = DIRECTION('',(1.,0.,0.));
#5228 = ADVANCED_FACE('',(#5229),#5248,.T.);
#5229 = FACE_BOUND('',#5230,.F.);
#5230 = EDGE_LOOP('',(#5231,#5232,#5233,#5241));
#5231 = ORIENTED_EDGE('',*,*,#5185,.T.);
#5232 = ORIENTED_EDGE('',*,*,#4809,.T.);
#5233 = ORIENTED_EDGE('',*,*,#5234,.F.);
#5234 = EDGE_CURVE('',#5235,#4810,#5237,.T.);
#5235 = VERTEX_POINT('',#5236);
#5236 = CARTESIAN_POINT('',(50.,-41.,0.));
#5237 = LINE('',#5238,#5239);
#5238 = CARTESIAN_POINT('',(50.,-41.,0.));
#5239 = VECTOR('',#5240,1.);
#5240 = DIRECTION('',(0.,0.,1.));
#5241 = ORIENTED_EDGE('',*,*,#5242,.F.);
#5242 = EDGE_CURVE('',#5186,#5235,#5243,.T.);
#5243 = CIRCLE('',#5244,4.);
#5244 = AXIS2_PLACEMENT_3D('',#5245,#5246,#5247);
#5245 = CARTESIAN_POINT('',(46.,-41.,0.));
#5246 = DIRECTION('',(0.,0.,1.));
#5247 = DIRECTION('',(1.,0.,0.));
#5248 = CYLINDRICAL_SURFACE('',#5249,4.);
#5249 = AXIS2_PLACEMENT_3D('',#5250,#5251,#5252);
#5250 = CARTESIAN_POINT('',(46.,-41.,0.));
#5251 = DIRECTION('',(-0.,-0.,-1.));
#5252 = DIRECTION('',(1.,0.,0.));
#5253 = ADVANCED_FACE('',(#5254),#5272,.F.);
#5254 = FACE_BOUND('',#5255,.F.);
#5255 = EDGE_LOOP('',(#5256,#5264,#5265,#5266));
#5256 = ORIENTED_EDGE('',*,*,#5257,.T.);
#5257 = EDGE_CURVE('',#5258,#4835,#5260,.T.);
#5258 = VERTEX_POINT('',#5259);
#5259 = CARTESIAN_POINT('',(-75.,41.,0.));
#5260 = LINE('',#5261,#5262);
#5261 = CARTESIAN_POINT('',(-75.,41.,0.));
#5262 = VECTOR('',#5263,1.);
#5263 = DIRECTION('',(0.,0.,1.));
#5264 = ORIENTED_EDGE('',*,*,#4845,.T.);
#5265 = ORIENTED_EDGE('',*,*,#5207,.F.);
#5266 = ORIENTED_EDGE('',*,*,#5267,.F.);
#5267 = EDGE_CURVE('',#5258,#5208,#5268,.T.);
#5268 = LINE('',#5269,#5270);
#5269 = CARTESIAN_POINT('',(-75.,41.,0.));
#5270 = VECTOR('',#5271,1.);
#5271 = DIRECTION('',(0.,-1.,0.));
#5272 = PLANE('',#5273);
#5273 = AXIS2_PLACEMENT_3D('',#5274,#5275,#5276);
#5274 = CARTESIAN_POINT('',(-75.,41.,0.));
#5275 = DIRECTION('',(1.,0.,0.));
#5276 = DIRECTION('',(0.,-1.,0.));
#5277 = ADVANCED_FACE('',(#5278),#5296,.F.);
#5278 = FACE_BOUND('',#5279,.F.);
#5279 = EDGE_LOOP('',(#5280,#5281,#5282,#5290));
#5280 = ORIENTED_EDGE('',*,*,#5234,.T.);
#5281 = ORIENTED_EDGE('',*,*,#4870,.T.);
#5282 = ORIENTED_EDGE('',*,*,#5283,.F.);
#5283 = EDGE_CURVE('',#5284,#4862,#5286,.T.);
#5284 = VERTEX_POINT('',#5285);
#5285 = CARTESIAN_POINT('',(50.,41.,0.));
#5286 = LINE('',#5287,#5288);
#5287 = CARTESIAN_POINT('',(50.,41.,0.));
#5288 = VECTOR('',#5289,1.);
#5289 = DIRECTION('',(0.,0.,1.));
#5290 = ORIENTED_EDGE('',*,*,#5291,.F.);
#5291 = EDGE_CURVE('',#5235,#5284,#5292,.T.);
#5292 = LINE('',#5293,#5294);
#5293 = CARTESIAN_POINT('',(50.,-41.,0.));
#5294 = VECTOR('',#5295,1.);
#5295 = DIRECTION('',(0.,1.,0.));
#5296 = PLANE('',#5297);
#5297 = AXIS2_PLACEMENT_3D('',#5298,#5299,#5300);
#5298 = CARTESIAN_POINT('',(50.,-41.,0.));
#5299 = DIRECTION('',(-1.,0.,0.));
#5300 = DIRECTION('',(0.,1.,0.));
#5301 = ADVANCED_FACE('',(#5302),#5321,.T.);
#5302 = FACE_BOUND('',#5303,.F.);
#5303 = EDGE_LOOP('',(#5304,#5312,#5313,#5314));
#5304 = ORIENTED_EDGE('',*,*,#5305,.T.);
#5305 = EDGE_CURVE('',#5306,#4885,#5308,.T.);
#5306 = VERTEX_POINT('',#5307);
#5307 = CARTESIAN_POINT('',(-71.,45.,0.));
#5308 = LINE('',#5309,#5310);
#5309 = CARTESIAN_POINT('',(-71.,45.,0.));
#5310 = VECTOR('',#5311,1.);
#5311 = DIRECTION('',(0.,0.,1.));
#5312 = ORIENTED_EDGE('',*,*,#4893,.T.);
#5313 = ORIENTED_EDGE('',*,*,#5257,.F.);
#5314 = ORIENTED_EDGE('',*,*,#5315,.F.);
#5315 = EDGE_CURVE('',#5306,#5258,#5316,.T.);
#5316 = CIRCLE('',#5317,4.);
#5317 = AXIS2_PLACEMENT_3D('',#5318,#5319,#5320);
#5318 = CARTESIAN_POINT('',(-71.,41.,0.));
#5319 = DIRECTION('',(0.,0.,1.));
#5320 = DIRECTION('',(1.,0.,0.));
#5321 = CYLINDRICAL_SURFACE('',#5322,4.);
#5322 = AXIS2_PLACEMENT_3D('',#5323,#5324,#5325);
#5323 = CARTESIAN_POINT('',(-71.,41.,0.));
#5324 = DIRECTION('',(-0.,-0.,-1.));
#5325 = DIRECTION('',(1.,0.,0.));
#5326 = ADVANCED_FACE('',(#5327),#5346,.T.);
#5327 = FACE_BOUND('',#5328,.F.);
#5328 = EDGE_LOOP('',(#5329,#5330,#5331,#5339));
#5329 = ORIENTED_EDGE('',*,*,#5283,.T.);
#5330 = ORIENTED_EDGE('',*,*,#4911,.T.);
#5331 = ORIENTED_EDGE('',*,*,#5332,.F.);
#5332 = EDGE_CURVE('',#5333,#4912,#5335,.T.);
#5333 = VERTEX_POINT('',#5334);
#5334 = CARTESIAN_POINT('',(46.,45.,0.));
#5335 = LINE('',#5336,#5337);
#5336 = CARTESIAN_POINT('',(46.,45.,0.));
#5337 = VECTOR('',#5338,1.);
#5338 = DIRECTION('',(0.,0.,1.));
#5339 = ORIENTED_EDGE('',*,*,#5340,.F.);
#5340 = EDGE_CURVE('',#5284,#5333,#5341,.T.);
#5341 = CIRCLE('',#5342,4.);
#5342 = AXIS2_PLACEMENT_3D('',#5343,#5344,#5345);
#5343 = CARTESIAN_POINT('',(46.,41.,0.));
#5344 = DIRECTION('',(0.,0.,1.));
#5345 = DIRECTION('',(1.,0.,0.));
#5346 = CYLINDRICAL_SURFACE('',#5347,4.);
#5347 = AXIS2_PLACEMENT_3D('',#5348,#5349,#5350);
#5348 = CARTESIAN_POINT('',(46.,41.,0.));
#5349 = DIRECTION('',(-0.,-0.,-1.));
#5350 = DIRECTION('',(1.,0.,0.));
#5351 = ADVANCED_FACE('',(#5352),#5363,.F.);
#5352 = FACE_BOUND('',#5353,.F.);
#5353 = EDGE_LOOP('',(#5354,#5355,#5356,#5357));
#5354 = ORIENTED_EDGE('',*,*,#5332,.T.);
#5355 = ORIENTED_EDGE('',*,*,#4939,.T.);
#5356 = ORIENTED_EDGE('',*,*,#5305,.F.);
#5357 = ORIENTED_EDGE('',*,*,#5358,.F.);
#5358 = EDGE_CURVE('',#5333,#5306,#5359,.T.);
#5359 = LINE('',#5360,#5361);
#5360 = CARTESIAN_POINT('',(46.,45.,0.));
#5361 = VECTOR('',#5362,1.);
#5362 = DIRECTION('',(-1.,0.,0.));
#5363 = PLANE('',#5364);
#5364 = AXIS2_PLACEMENT_3D('',#5365,#5366,#5367);
#5365 = CARTESIAN_POINT('',(46.,45.,0.));
#5366 = DIRECTION('',(0.,-1.,0.));
#5367 = DIRECTION('',(-1.,0.,0.));
#5368 = ADVANCED_FACE('',(#5369),#5388,.F.);
#5369 = FACE_BOUND('',#5370,.T.);
#5370 = EDGE_LOOP('',(#5371,#5379,#5380,#5381));
#5371 = ORIENTED_EDGE('',*,*,#5372,.F.);
#5372 = EDGE_CURVE('',#4954,#5373,#5375,.T.);
#5373 = VERTEX_POINT('',#5374);
#5374 = CARTESIAN_POINT('',(-69.3,-41.,0.));
#5375 = LINE('',#5376,#5377);
#5376 = CARTESIAN_POINT('',(-69.3,-41.,2.5));
#5377 = VECTOR('',#5378,1.);
#5378 = DIRECTION('',(-9.E-17,0.,-1.));
#5379 = ORIENTED_EDGE('',*,*,#4963,.T.);
#5380 = ORIENTED_EDGE('',*,*,#5372,.T.);
#5381 = ORIENTED_EDGE('',*,*,#5382,.F.);
#5382 = EDGE_CURVE('',#5373,#5373,#5383,.T.);
#5383 = CIRCLE('',#5384,1.7);
#5384 = AXIS2_PLACEMENT_3D('',#5385,#5386,#5387);
#5385 = CARTESIAN_POINT('',(-71.,-41.,0.));
#5386 = DIRECTION('',(0.,0.,1.));
#5387 = DIRECTION('',(1.,0.,0.));
#5388 = CYLINDRICAL_SURFACE('',#5389,1.7);
#5389 = AXIS2_PLACEMENT_3D('',#5390,#5391,#5392);
#5390 = CARTESIAN_POINT('',(-71.,-41.,2.5));
#5391 = DIRECTION('',(-0.,-0.,-1.));
#5392 = DIRECTION('',(1.,0.,0.));
#5393 = ADVANCED_FACE('',(#5394),#5413,.F.);
#5394 = FACE_BOUND('',#5395,.T.);
#5395 = EDGE_LOOP('',(#5396,#5404,#5405,#5406));
#5396 = ORIENTED_EDGE('',*,*,#5397,.F.);
#5397 = EDGE_CURVE('',#4979,#5398,#5400,.T.);
#5398 = VERTEX_POINT('',#5399);
#5399 = CARTESIAN_POINT('',(47.7,-41.,0.));
#5400 = LINE('',#5401,#5402);
#5401 = CARTESIAN_POINT('',(47.7,-41.,2.5));
#5402 = VECTOR('',#5403,1.);
#5403 = DIRECTION('',(-9.E-17,0.,-1.));
#5404 = ORIENTED_EDGE('',*,*,#4988,.T.);
#5405 = ORIENTED_EDGE('',*,*,#5397,.T.);
#5406 = ORIENTED_EDGE('',*,*,#5407,.F.);
#5407 = EDGE_CURVE('',#5398,#5398,#5408,.T.);
#5408 = CIRCLE('',#5409,1.7);
#5409 = AXIS2_PLACEMENT_3D('',#5410,#5411,#5412);
#5410 = CARTESIAN_POINT('',(46.,-41.,0.));
#5411 = DIRECTION('',(0.,0.,1.));
#5412 = DIRECTION('',(1.,0.,0.));
#5413 = CYLINDRICAL_SURFACE('',#5414,1.7);
#5414 = AXIS2_PLACEMENT_3D('',#5415,#5416,#5417);
#5415 = CARTESIAN_POINT('',(46.,-41.,2.5));
#5416 = DIRECTION('',(-0.,-0.,-1.));
#5417 = DIRECTION('',(1.,0.,0.));
#5418 = ADVANCED_FACE('',(#5419),#5444,.F.);
#5419 = FACE_BOUND('',#5420,.F.);
#5420 = EDGE_LOOP('',(#5421,#5429,#5430,#5438));
#5421 = ORIENTED_EDGE('',*,*,#5422,.F.);
#5422 = EDGE_CURVE('',#5004,#5423,#5425,.T.);
#5423 = VERTEX_POINT('',#5424);
#5424 = CARTESIAN_POINT('',(17.,-12.17884008407,0.));
#5425 = LINE('',#5426,#5427);
#5426 = CARTESIAN_POINT('',(17.,-12.17884008407,2.5));
#5427 = VECTOR('',#5428,1.);
#5428 = DIRECTION('',(-0.,-0.,-1.));
#5429 = ORIENTED_EDGE('',*,*,#5011,.F.);
#5430 = ORIENTED_EDGE('',*,*,#5431,.T.);
#5431 = EDGE_CURVE('',#5012,#5432,#5434,.T.);
#5432 = VERTEX_POINT('',#5433);
#5433 = CARTESIAN_POINT('',(17.,7.741159915924,0.));
#5434 = LINE('',#5435,#5436);
#5435 = CARTESIAN_POINT('',(17.,7.741159915924,2.5));
#5436 = VECTOR('',#5437,1.);
#5437 = DIRECTION('',(-0.,-0.,-1.));
#5438 = ORIENTED_EDGE('',*,*,#5439,.T.);
#5439 = EDGE_CURVE('',#5432,#5423,#5440,.T.);
#5440 = LINE('',#5441,#5442);
#5441 = CARTESIAN_POINT('',(17.,3.870579957962,0.));
#5442 = VECTOR('',#5443,1.);
#5443 = DIRECTION('',(0.,-1.,0.));
#5444 = PLANE('',#5445);
#5445 = AXIS2_PLACEMENT_3D('',#5446,#5447,#5448);
#5446 = CARTESIAN_POINT('',(17.,7.741159915924,2.5));
#5447 = DIRECTION('',(-1.,0.,0.));
#5448 = DIRECTION('',(0.,-1.,0.));
#5449 = ADVANCED_FACE('',(#5450),#5468,.F.);
#5450 = FACE_BOUND('',#5451,.F.);
#5451 = EDGE_LOOP('',(#5452,#5453,#5454,#5462));
#5452 = ORIENTED_EDGE('',*,*,#5045,.F.);
#5453 = ORIENTED_EDGE('',*,*,#5422,.T.);
#5454 = ORIENTED_EDGE('',*,*,#5455,.T.);
#5455 = EDGE_CURVE('',#5423,#5456,#5458,.T.);
#5456 = VERTEX_POINT('',#5457);
#5457 = CARTESIAN_POINT('',(26.,-12.17884008407,0.));
#5458 = LINE('',#5459,#5460);
#5459 = CARTESIAN_POINT('',(2.25,-12.17884008407,0.));
#5460 = VECTOR('',#5461,1.);
#5461 = DIRECTION('',(1.,0.,0.));
#5462 = ORIENTED_EDGE('',*,*,#5463,.F.);
#5463 = EDGE_CURVE('',#5038,#5456,#5464,.T.);
#5464 = LINE('',#5465,#5466);
#5465 = CARTESIAN_POINT('',(26.,-12.17884008407,2.5));
#5466 = VECTOR('',#5467,1.);
#5467 = DIRECTION('',(-0.,-0.,-1.));
#5468 = PLANE('',#5469);
#5469 = AXIS2_PLACEMENT_3D('',#5470,#5471,#5472);
#5470 = CARTESIAN_POINT('',(17.,-12.17884008407,2.5));
#5471 = DIRECTION('',(0.,-1.,0.));
#5472 = DIRECTION('',(1.,0.,0.));
#5473 = ADVANCED_FACE('',(#5474),#5492,.T.);
#5474 = FACE_BOUND('',#5475,.T.);
#5475 = EDGE_LOOP('',(#5476,#5477,#5478,#5486));
#5476 = ORIENTED_EDGE('',*,*,#5060,.F.);
#5477 = ORIENTED_EDGE('',*,*,#5431,.T.);
#5478 = ORIENTED_EDGE('',*,*,#5479,.T.);
#5479 = EDGE_CURVE('',#5432,#5480,#5482,.T.);
#5480 = VERTEX_POINT('',#5481);
#5481 = CARTESIAN_POINT('',(26.,7.741159915924,0.));
#5482 = LINE('',#5483,#5484);
#5483 = CARTESIAN_POINT('',(2.25,7.741159915924,0.));
#5484 = VECTOR('',#5485,1.);
#5485 = DIRECTION('',(1.,0.,0.));
#5486 = ORIENTED_EDGE('',*,*,#5487,.F.);
#5487 = EDGE_CURVE('',#5061,#5480,#5488,.T.);
#5488 = LINE('',#5489,#5490);
#5489 = CARTESIAN_POINT('',(26.,7.741159915924,2.5));
#5490 = VECTOR('',#5491,1.);
#5491 = DIRECTION('',(-0.,-0.,-1.));
#5492 = PLANE('',#5493);
#5493 = AXIS2_PLACEMENT_3D('',#5494,#5495,#5496);
#5494 = CARTESIAN_POINT('',(17.,7.741159915924,2.5));
#5495 = DIRECTION('',(0.,-1.,0.));
#5496 = DIRECTION('',(1.,0.,0.));
#5497 = ADVANCED_FACE('',(#5498),#5509,.T.);
#5498 = FACE_BOUND('',#5499,.T.);
#5499 = EDGE_LOOP('',(#5500,#5501,#5502,#5503));
#5500 = ORIENTED_EDGE('',*,*,#5463,.F.);
#5501 = ORIENTED_EDGE('',*,*,#5084,.F.);
#5502 = ORIENTED_EDGE('',*,*,#5487,.T.);
#5503 = ORIENTED_EDGE('',*,*,#5504,.T.);
#5504 = EDGE_CURVE('',#5480,#5456,#5505,.T.);
#5505 = LINE('',#5506,#5507);
#5506 = CARTESIAN_POINT('',(26.,3.870579957962,0.));
#5507 = VECTOR('',#5508,1.);
#5508 = DIRECTION('',(0.,-1.,0.));
#5509 = PLANE('',#5510);
#5510 = AXIS2_PLACEMENT_3D('',#5511,#5512,#5513);
#5511 = CARTESIAN_POINT('',(26.,7.741159915924,2.5));
#5512 = DIRECTION('',(-1.,0.,0.));
#5513 = DIRECTION('',(0.,-1.,0.));
#5514 = ADVANCED_FACE('',(#5515),#5534,.F.);
#5515 = FACE_BOUND('',#5516,.T.);
#5516 = EDGE_LOOP('',(#5517,#5525,#5526,#5527));
#5517 = ORIENTED_EDGE('',*,*,#5518,.F.);
#5518 = EDGE_CURVE('',#5102,#5519,#5521,.T.);
#5519 = VERTEX_POINT('',#5520);
#5520 = CARTESIAN_POINT('',(-69.3,41.,0.));
#5521 = LINE('',#5522,#5523);
#5522 = CARTESIAN_POINT('',(-69.3,41.,2.5));
#5523 = VECTOR('',#5524,1.);
#5524 = DIRECTION('',(-9.E-17,0.,-1.));
#5525 = ORIENTED_EDGE('',*,*,#5111,.T.);
#5526 = ORIENTED_EDGE('',*,*,#5518,.T.);
#5527 = ORIENTED_EDGE('',*,*,#5528,.F.);
#5528 = EDGE_CURVE('',#5519,#5519,#5529,.T.);
#5529 = CIRCLE('',#5530,1.7);
#5530 = AXIS2_PLACEMENT_3D('',#5531,#5532,#5533);
#5531 = CARTESIAN_POINT('',(-71.,41.,0.));
#5532 = DIRECTION('',(0.,0.,1.));
#5533 = DIRECTION('',(1.,0.,0.));
#5534 = CYLINDRICAL_SURFACE('',#5535,1.7);
#5535 = AXIS2_PLACEMENT_3D('',#5536,#5537,#5538);
#5536 = CARTESIAN_POINT('',(-71.,41.,2.5));
#5537 = DIRECTION('',(-0.,-0.,-1.));
#5538 = DIRECTION('',(1.,0.,0.));
#5539 = ADVANCED_FACE('',(#5540,#5550,#5553,#5556,#5562,#5565,#5568),
  #5579,.F.);
#5540 = FACE_BOUND('',#5541,.F.);
#5541 = EDGE_LOOP('',(#5542,#5543,#5544,#5545,#5546,#5547,#5548,#5549));
#5542 = ORIENTED_EDGE('',*,*,#5193,.T.);
#5543 = ORIENTED_EDGE('',*,*,#5242,.T.);
#5544 = ORIENTED_EDGE('',*,*,#5291,.T.);
#5545 = ORIENTED_EDGE('',*,*,#5340,.T.);
#5546 = ORIENTED_EDGE('',*,*,#5358,.T.);
#5547 = ORIENTED_EDGE('',*,*,#5315,.T.);
#5548 = ORIENTED_EDGE('',*,*,#5267,.T.);
#5549 = ORIENTED_EDGE('',*,*,#5217,.T.);
#5550 = FACE_BOUND('',#5551,.F.);
#5551 = EDGE_LOOP('',(#5552));
#5552 = ORIENTED_EDGE('',*,*,#5382,.F.);
#5553 = FACE_BOUND('',#5554,.F.);
#5554 = EDGE_LOOP('',(#5555));
#5555 = ORIENTED_EDGE('',*,*,#5407,.F.);
#5556 = FACE_BOUND('',#5557,.F.);
#5557 = EDGE_LOOP('',(#5558,#5559,#5560,#5561));
#5558 = ORIENTED_EDGE('',*,*,#5439,.F.);
#5559 = ORIENTED_EDGE('',*,*,#5479,.T.);
#5560 = ORIENTED_EDGE('',*,*,#5504,.T.);
#5561 = ORIENTED_EDGE('',*,*,#5455,.F.);
#5562 = FACE_BOUND('',#5563,.F.);
#5563 = EDGE_LOOP('',(#5564));
#5564 = ORIENTED_EDGE('',*,*,#5528,.F.);
#5565 = FACE_BOUND('',#5566,.F.);
#5566 = EDGE_LOOP('',(#5567));
#5567 = ORIENTED_EDGE('',*,*,#5135,.F.);
#5568 = FACE_BOUND('',#5569,.F.);
#5569 = EDGE_LOOP('',(#5570));
#5570 = ORIENTED_EDGE('',*,*,#5571,.F.);
#5571 = EDGE_CURVE('',#5572,#5572,#5574,.T.);
#5572 = VERTEX_POINT('',#5573);
#5573 = CARTESIAN_POINT('',(47.7,41.,0.));
#5574 = CIRCLE('',#5575,1.7);
#5575 = AXIS2_PLACEMENT_3D('',#5576,#5577,#5578);
#5576 = CARTESIAN_POINT('',(46.,41.,0.));
#5577 = DIRECTION('',(0.,0.,1.));
#5578 = DIRECTION('',(1.,0.,0.));
#5579 = PLANE('',#5580);
#5580 = AXIS2_PLACEMENT_3D('',#5581,#5582,#5583);
#5581 = CARTESIAN_POINT('',(-12.5,-8.212E-14,0.));
#5582 = DIRECTION('',(0.,0.,1.));
#5583 = DIRECTION('',(1.,0.,0.));
#5584 = ADVANCED_FACE('',(#5585),#5596,.F.);
#5585 = FACE_BOUND('',#5586,.T.);
#5586 = EDGE_LOOP('',(#5587,#5593,#5594,#5595));
#5587 = ORIENTED_EDGE('',*,*,#5588,.F.);
#5588 = EDGE_CURVE('',#5152,#5572,#5589,.T.);
#5589 = LINE('',#5590,#5591);
#5590 = CARTESIAN_POINT('',(47.7,41.,2.5));
#5591 = VECTOR('',#5592,1.);
#5592 = DIRECTION('',(-9.E-17,0.,-1.));
#5593 = ORIENTED_EDGE('',*,*,#5161,.T.);
#5594 = ORIENTED_EDGE('',*,*,#5588,.T.);
#5595 = ORIENTED_EDGE('',*,*,#5571,.F.);
#5596 = CYLINDRICAL_SURFACE('',#5597,1.7);
#5597 = AXIS2_PLACEMENT_3D('',#5598,#5599,#5600);
#5598 = CARTESIAN_POINT('',(46.,41.,2.5));
#5599 = DIRECTION('',(-0.,-0.,-1.));
#5600 = DIRECTION('',(1.,0.,0.));
#5601 = ( GEOMETRIC_REPRESENTATION_CONTEXT(3) 
GLOBAL_UNCERTAINTY_ASSIGNED_CONTEXT((#5605)) 
GLOBAL_UNIT_ASSIGNED_CONTEXT((#5602,#5603,#5604)) REPRESENTATION_CONTEXT
('Context #1','3D Context with UNIT and UNCERTAINTY') );
#5602 = ( LENGTH_UNIT() NAMED_UNIT(*) SI_UNIT(.MILLI.,.METRE.) );
#5603 = ( NAMED_UNIT(*) PLANE_ANGLE_UNIT() SI_UNIT($,.RADIAN.) );
#5604 = ( NAMED_UNIT(*) SI_UNIT($,.STERADIAN.) SOLID_ANGLE_UNIT() );
#5605 = UNCERTAINTY_MEASURE_WITH_UNIT(LENGTH_MEASURE(5.E-06),#5602,
  'distance_accuracy_value','confusion accuracy');
#5606 = CONTEXT_DEPENDENT_SHAPE_REPRESENTATION(#5607,#5609);
#5607 = ( REPRESENTATION_RELATIONSHIP('','',#4561,#10) 
REPRESENTATION_RELATIONSHIP_WITH_TRANSFORMATION(#5608) 
SHAPE_REPRESENTATION_RELATIONSHIP() );
#5608 = ITEM_DEFINED_TRANSFORMATION('','',#11,#19);
#5609 = PRODUCT_DEFINITION_SHAPE('Placement','Placement of an item',
  #5610);
#5610 = NEXT_ASSEMBLY_USAGE_OCCURRENCE('4','Lid','',#5,#4556,$);
#5611 = PRODUCT_RELATED_PRODUCT_CATEGORY('part',$,(#4558));
#5612 = MECHANICAL_DESIGN_GEOMETRIC_PRESENTATION_REPRESENTATION('',(
    #5613),#5601);
#5613 = STYLED_ITEM('color',(#5614),#4562);
#5614 = PRESENTATION_STYLE_ASSIGNMENT((#5615,#5621));
#5615 = SURFACE_STYLE_USAGE(.BOTH.,#5616);
#5616 = SURFACE_SIDE_STYLE('',(#5617));
#5617 = SURFACE_STYLE_FILL_AREA(#5618);
#5618 = FILL_AREA_STYLE('',(#5619));
#5619 = FILL_AREA_STYLE_COLOUR('',#5620);
#5620 = COLOUR_RGB('',0.447058818107,0.474509808674,0.501960817233);
#5621 = CURVE_STYLE('',#5622,POSITIVE_LENGTH_MEASURE(0.1),#5623);
#5622 = DRAUGHTING_PRE_DEFINED_CURVE_FONT('continuous');
#5623 = COLOUR_RGB('',9.803921802644E-02,9.803921802644E-02,
  9.803921802644E-02);
#5624 = MECHANICAL_DESIGN_GEOMETRIC_PRESENTATION_REPRESENTATION('',(
    #5625),#4543);
#5625 = STYLED_ITEM('color',(#5626),#37);
#5626 = PRESENTATION_STYLE_ASSIGNMENT((#5627,#5632));
#5627 = SURFACE_STYLE_USAGE(.BOTH.,#5628);
#5628 = SURFACE_SIDE_STYLE('',(#5629));
#5629 = SURFACE_STYLE_FILL_AREA(#5630);
#5630 = FILL_AREA_STYLE('',(#5631));
#5631 = FILL_AREA_STYLE_COLOUR('',#5620);
#5632 = CURVE_STYLE('',#5633,POSITIVE_LENGTH_MEASURE(0.1),#5623);
#5633 = DRAUGHTING_PRE_DEFINED_CURVE_FONT('continuous');
ENDSEC;
END-ISO-10303-21;
